ImageId,nb_formes
0011165.jpg,2
002be4f.jpg,3
0031ae9.jpg,3
0035239.jpg,2
003994e.jpg,3
00498ec.jpg,1
006bf7c.jpg,2
006c5a6.jpg,2
008233e.jpg,1
008a5ff.jpg,2
0091591.jpg,3
0095357.jpg,1
009e2f3.jpg,3
00a0954.jpg,2
00b81e1.jpg,3
00bea06.jpg,2
00cedfa.jpg,2
00d4443.jpg,1
00dec6a.jpg,4
0100a84.jpg,2
0104b5b.jpg,1
0107838.jpg,3
0118bff.jpg,2
011ba04.jpg,3
01242d7.jpg,3
014310a.jpg,2
0146ef3.jpg,1
0153a8b.jpg,3
015aa06.jpg,4
015b764.jpg,3
016c135.jpg,3
017ded1.jpg,2
0187cd7.jpg,3
01a7865.jpg,3
01c6ec3.jpg,1
01eecc1.jpg,1
0208ccf.jpg,2
021bb26.jpg,2
0225687.jpg,3
022a275.jpg,1
022d78c.jpg,2
022fd47.jpg,1
023accd.jpg,3
025ad96.jpg,1
02601cd.jpg,3
0269e9a.jpg,2
027000d.jpg,2
0277e9a.jpg,3
028fd83.jpg,2
028fe8a.jpg,2
029b861.jpg,1
02b6a5d.jpg,2
02c3e33.jpg,2
030ac75.jpg,3
031bfc5.jpg,3
0326622.jpg,2
0330f49.jpg,2
034a383.jpg,2
034ef1c.jpg,1
0358d2e.jpg,2
0362b0a.jpg,1
0365c50.jpg,3
038407e.jpg,2
03a5e35.jpg,3
03b1dc4.jpg,2
03c3906.jpg,3
03eb81a.jpg,2
03ed174.jpg,3
04029b4.jpg,2
041cc12.jpg,3
042bba1.jpg,3
042f854.jpg,2
0432314.jpg,4
0434aa4.jpg,3
043e76c.jpg,4
043fe61.jpg,3
0448942.jpg,2
044b59c.jpg,1
0451ee4.jpg,3
045e367.jpg,3
046586a.jpg,1
047be07.jpg,2
0488540.jpg,3
04920b8.jpg,2
0493d31.jpg,1
049585f.jpg,4
0499a68.jpg,2
04a4276.jpg,2
04c2acd.jpg,3
04d2879.jpg,2
04d5fe8.jpg,2
04d92ec.jpg,4
04df149.jpg,2
04f9039.jpg,3
04fddf9.jpg,2
04fe809.jpg,3
05028f9.jpg,2
0502b9e.jpg,2
0505b52.jpg,2
050937d.jpg,2
05193c8.jpg,2
053f180.jpg,1
054c1e5.jpg,3
0556b64.jpg,2
05572a2.jpg,3
055ebcb.jpg,2
0561c49.jpg,3
056b48e.jpg,2
05776fc.jpg,3
059cca2.jpg,2
059fc10.jpg,3
05a1aa8.jpg,2
05c0dfb.jpg,1
05e20ba.jpg,3
05e67a7.jpg,1
05ea471.jpg,1
05f1431.jpg,2
05f5370.jpg,4
060774a.jpg,2
060ce39.jpg,3
061cda5.jpg,1
0624fa5.jpg,2
064dd48.jpg,2
065623d.jpg,3
066c71d.jpg,2
066f427.jpg,2
06728a1.jpg,1
0686242.jpg,3
068771e.jpg,3
0687f62.jpg,1
068d881.jpg,2
06968b0.jpg,2
0697495.jpg,1
0698236.jpg,4
06b7be8.jpg,1
06b84fd.jpg,2
06d6a41.jpg,1
06e5dd6.jpg,3
06f1f1f.jpg,3
070f5c6.jpg,2
0718a60.jpg,2
071edac.jpg,1
0721695.jpg,2
072c41a.jpg,3
07358b2.jpg,2
0741fda.jpg,3
0745d08.jpg,2
07551f3.jpg,2
0761274.jpg,1
0766057.jpg,2
076de5e.jpg,1
0770f53.jpg,3
0778609.jpg,1
077bd40.jpg,2
0799206.jpg,1
079aef5.jpg,2
07c3377.jpg,1
07c5a0d.jpg,3
07c5fc9.jpg,2
07f289d.jpg,2
07f403d.jpg,3
080c004.jpg,3
0821c37.jpg,2
08329b8.jpg,2
085507c.jpg,2
0862841.jpg,4
086b4ce.jpg,2
086c226.jpg,2
0875ced.jpg,2
0879076.jpg,2
087f98b.jpg,1
08aa34b.jpg,2
08b4cfe.jpg,2
08b7a6a.jpg,2
08b9a6f.jpg,2
08e5ced.jpg,3
08ece64.jpg,2
08f255e.jpg,1
08f8226.jpg,2
08f8fe9.jpg,1
09024fd.jpg,2
090a037.jpg,3
0916eef.jpg,2
0917ffe.jpg,2
0929f85.jpg,1
09439a0.jpg,2
094e354.jpg,1
0966d21.jpg,1
0968521.jpg,2
098252b.jpg,3
098c5e0.jpg,3
09a95c4.jpg,4
09bde05.jpg,2
09bdff1.jpg,2
09c269d.jpg,2
09c64c8.jpg,2
09cf686.jpg,3
09cfd7c.jpg,2
09d0eee.jpg,1
09d3a37.jpg,1
09d567c.jpg,2
09e313c.jpg,3
09ed9b1.jpg,3
09f7f88.jpg,2
0a14f2b.jpg,3
0a1b596.jpg,2
0a20edf.jpg,1
0a21f23.jpg,3
0a3154d.jpg,2
0a380d0.jpg,1
0a421b8.jpg,2
0a44491.jpg,3
0a4657d.jpg,2
0a515e3.jpg,2
0a5d418.jpg,2
0a60891.jpg,2
0a709e6.jpg,2
0a7a247.jpg,2
0a89811.jpg,2
0a914ab.jpg,1
0a969b9.jpg,3
0a97028.jpg,2
0a99863.jpg,3
0aa2df7.jpg,1
0aaa299.jpg,3
0aaa3dd.jpg,1
0ab1fb2.jpg,2
0ab6229.jpg,2
0ac087b.jpg,2
0ac5f5c.jpg,1
0ad0a05.jpg,3
0ad3dde.jpg,2
0ad97bb.jpg,1
0ae8c34.jpg,3
0ae968e.jpg,2
0afaa7f.jpg,2
0afd5a6.jpg,2
0b10051.jpg,1
0b1dd45.jpg,2
0b265f4.jpg,2
0b32df8.jpg,3
0b3fd78.jpg,2
0b4fb36.jpg,3
0b53e2c.jpg,3
0b5a667.jpg,2
0b652e1.jpg,1
0b6e69c.jpg,1
0b80c78.jpg,2
0bb16fb.jpg,2
0bb93f0.jpg,3
0bca0fc.jpg,3
0bdb3e1.jpg,4
0be49f7.jpg,2
0bfbfc8.jpg,2
0c0e600.jpg,1
0c10e30.jpg,1
0c15f22.jpg,4
0c1d048.jpg,4
0c1e565.jpg,3
0c2a033.jpg,3
0c4cbab.jpg,2
0c4f038.jpg,3
0c64c69.jpg,2
0c76794.jpg,2
0c88342.jpg,3
0c95a41.jpg,1
0ca6ecd.jpg,2
0cabeda.jpg,3
0cad5f3.jpg,3
0cb6144.jpg,4
0cd0a7d.jpg,1
0cd556b.jpg,2
0cdffd9.jpg,2
0cf1dcc.jpg,2
0cf6773.jpg,2
0d01dad.jpg,3
0d08b24.jpg,1
0d0af9a.jpg,2
0d0b28c.jpg,3
0d0de88.jpg,2
0d24e80.jpg,1
0d38eab.jpg,2
0d56b5d.jpg,4
0d675fc.jpg,3
0d6d044.jpg,1
0d73dcc.jpg,3
0d81f99.jpg,2
0d82645.jpg,2
0d84609.jpg,2
0d90683.jpg,1
0dab774.jpg,1
0db22fe.jpg,3
0dbccb5.jpg,2
0dbe95f.jpg,2
0dc7bb3.jpg,2
0dcd917.jpg,3
0dd0c51.jpg,2
0ddf358.jpg,3
0de33f1.jpg,2
0dfbb7e.jpg,3
0e00929.jpg,3
0e2612c.jpg,2
0e26259.jpg,1
0e407e8.jpg,2
0e42958.jpg,2
0e47c4d.jpg,4
0e54437.jpg,4
0e56ffd.jpg,2
0e77759.jpg,2
0e79fa8.jpg,3
0e86f87.jpg,2
0e8c498.jpg,2
0e9c181.jpg,2
0e9deba.jpg,3
0ea56ef.jpg,4
0eb8784.jpg,2
0eba747.jpg,1
0ebb3e3.jpg,3
0ece863.jpg,2
0eecb90.jpg,2
0eee242.jpg,1
0ef0a95.jpg,3
0eff39e.jpg,4
0f1786f.jpg,1
0f1a7a3.jpg,2
0f1d18d.jpg,2
0f21e87.jpg,2
0f22465.jpg,3
0f34634.jpg,2
0f507d3.jpg,3
0f529c5.jpg,1
0f57642.jpg,3
0f5f991.jpg,3
0f6a44e.jpg,2
0f7b777.jpg,3
0f91409.jpg,1
0f9a390.jpg,1
0fa3287.jpg,2
0fb3674.jpg,2
0fb5df4.jpg,3
0fb64d9.jpg,1
0fc0e21.jpg,3
0fcf213.jpg,1
0fdf64a.jpg,2
0fe3fd9.jpg,1
0ff2c12.jpg,3
100752c.jpg,1
1007e0c.jpg,2
100bcc1.jpg,1
1013c1d.jpg,3
10192c3.jpg,3
10257e5.jpg,3
10401e7.jpg,3
1047aa1.jpg,2
104b257.jpg,2
1054bbd.jpg,2
105edca.jpg,1
106b15a.jpg,2
109a3ef.jpg,3
10bed8d.jpg,2
10c1a52.jpg,2
10cbb5e.jpg,1
10cd67c.jpg,3
10dabe8.jpg,2
10de692.jpg,3
10e475e.jpg,2
10e4ca6.jpg,1
10ed18e.jpg,3
10ed865.jpg,1
10f21b7.jpg,1
10f4f4c.jpg,1
1120e13.jpg,1
1127056.jpg,3
1130091.jpg,1
11388ad.jpg,2
1139fcf.jpg,2
1149759.jpg,3
114d48a.jpg,1
115943f.jpg,3
116433b.jpg,1
116670d.jpg,3
116afdf.jpg,2
1187ec0.jpg,2
118da86.jpg,2
11958e0.jpg,1
11c88d4.jpg,2
11e8e7b.jpg,1
11f25d7.jpg,2
11f2a0a.jpg,3
11ff032.jpg,2
121ea48.jpg,4
12252ea.jpg,1
1230c60.jpg,2
1238aa0.jpg,2
1248c99.jpg,2
124fa12.jpg,3
125ac07.jpg,3
1283aa1.jpg,3
1284dde.jpg,3
1287d3a.jpg,4
12acb4b.jpg,2
12ae62b.jpg,3
12af2d9.jpg,4
12b065b.jpg,3
12b2ee4.jpg,3
12be121.jpg,3
12be717.jpg,1
12db338.jpg,1
12e0e0d.jpg,4
12e10fa.jpg,2
12e55a8.jpg,2
12ee67e.jpg,4
12ffc06.jpg,1
1308693.jpg,2
130f074.jpg,2
1311a82.jpg,1
13123f6.jpg,3
1313e97.jpg,2
131cad7.jpg,1
131fd60.jpg,1
134d522.jpg,2
1353ca0.jpg,2
135537c.jpg,1
1355431.jpg,2
13578f2.jpg,2
135e2fa.jpg,3
1360260.jpg,3
136d170.jpg,3
136ec24.jpg,3
136f59b.jpg,3
1381cad.jpg,4
13ab789.jpg,1
13b3344.jpg,2
13c92a0.jpg,3
13cb512.jpg,1
13d35e7.jpg,2
13d3608.jpg,3
13d9125.jpg,2
13df2eb.jpg,2
13e252f.jpg,2
13eb96d.jpg,1
13fae6e.jpg,2
140c4ef.jpg,4
141a13c.jpg,2
143227b.jpg,3
143681e.jpg,3
143c7a8.jpg,2
143d3c2.jpg,2
144d107.jpg,1
144d4a8.jpg,1
146a45b.jpg,3
14750a8.jpg,3
148a6ef.jpg,1
1493053.jpg,1
14a977b.jpg,1
14aad39.jpg,2
14c052f.jpg,2
14d1403.jpg,3
14de64b.jpg,2
14df62f.jpg,2
1504549.jpg,1
15083c7.jpg,3
150c061.jpg,1
1524b90.jpg,2
15251c3.jpg,2
1525644.jpg,2
153bfaa.jpg,3
154de05.jpg,3
155f821.jpg,4
1560b44.jpg,1
1563170.jpg,2
1567149.jpg,1
156f6aa.jpg,1
15735f9.jpg,2
1584ad9.jpg,3
1588d4c.jpg,1
159985f.jpg,2
159d3a1.jpg,2
15b3f99.jpg,3
15b8121.jpg,1
15b932e.jpg,2
15b9d31.jpg,2
15d8b88.jpg,3
15d9fa0.jpg,1
15f05cb.jpg,4
160114e.jpg,1
1612248.jpg,2
161716e.jpg,2
161d598.jpg,1
1643d6e.jpg,1
1647142.jpg,3
165462c.jpg,3
166baf3.jpg,2
168f8f5.jpg,2
169a970.jpg,2
169b6b1.jpg,2
16a0d11.jpg,2
16ba64d.jpg,2
16bdc2f.jpg,3
16c5f21.jpg,2
16c65fc.jpg,2
16cf591.jpg,2
16d6983.jpg,2
16f5113.jpg,3
16f77b0.jpg,4
171e62f.jpg,2
172c0ea.jpg,3
17381cd.jpg,3
1745e62.jpg,3
174bf1a.jpg,4
175d327.jpg,2
175da8e.jpg,2
175e008.jpg,3
176650e.jpg,1
176ae6f.jpg,3
1771ac3.jpg,1
1773607.jpg,2
177cd56.jpg,1
177d1eb.jpg,2
178ceab.jpg,2
179327a.jpg,1
17a24a5.jpg,3
17a4b8a.jpg,2
17aa1aa.jpg,2
17c3776.jpg,1
17c3e51.jpg,2
17d8926.jpg,1
17e7d42.jpg,3
17f7a0b.jpg,2
17fe76e.jpg,3
17ff40b.jpg,2
180dab9.jpg,3
181395a.jpg,3
1817728.jpg,3
1818d47.jpg,3
18221ff.jpg,3
182254d.jpg,1
1822ac7.jpg,2
182409a.jpg,4
1824735.jpg,1
1827e16.jpg,2
182eb06.jpg,1
182f581.jpg,2
1837609.jpg,1
183ba8d.jpg,3
1860780.jpg,3
186b357.jpg,2
1880aa1.jpg,3
18859af.jpg,1
18a8d69.jpg,2
18c6985.jpg,3
18c9fd5.jpg,2
18d341f.jpg,3
18e7e12.jpg,2
18f4182.jpg,2
18fb01f.jpg,3
19047cf.jpg,3
1907dd8.jpg,3
1909098.jpg,2
19192fa.jpg,3
191c732.jpg,3
1930ced.jpg,1
1944d16.jpg,3
1945738.jpg,3
1945eb2.jpg,3
1955970.jpg,3
1959481.jpg,1
195f280.jpg,1
196c777.jpg,2
196f033.jpg,2
1977dc1.jpg,1
197b5b7.jpg,1
19807b1.jpg,4
198a756.jpg,1
1999872.jpg,2
19a6fb6.jpg,1
19accf7.jpg,2
19c51cd.jpg,3
19e15d2.jpg,1
19e1a35.jpg,3
19f1a0e.jpg,2
1a18d51.jpg,3
1a25aa6.jpg,2
1a296e1.jpg,2
1a3f6e6.jpg,3
1a5a7ec.jpg,4
1a5adab.jpg,2
1a69075.jpg,2
1a6a128.jpg,3
1a6bc7d.jpg,2
1a7c794.jpg,2
1a7dc3f.jpg,1
1a89fcf.jpg,2
1a96573.jpg,4
1ab3ae5.jpg,3
1ab5e0d.jpg,3
1abb599.jpg,2
1abcd7a.jpg,3
1abdd52.jpg,1
1acf4e1.jpg,2
1acf83c.jpg,1
1ad811c.jpg,1
1ae0cf9.jpg,3
1ae4549.jpg,2
1ae5c72.jpg,2
1afc3ef.jpg,3
1b0083b.jpg,2
1b0a51a.jpg,2
1b0becf.jpg,2
1b0d75f.jpg,2
1b0df6d.jpg,2
1b0faf6.jpg,3
1b15954.jpg,3
1b43606.jpg,2
1b55e5b.jpg,3
1b5a253.jpg,2
1b5e7d1.jpg,3
1b61e78.jpg,3
1b62d67.jpg,3
1b8a5c0.jpg,1
1b8c563.jpg,2
1b943b9.jpg,3
1bb252b.jpg,3
1bb3c7a.jpg,2
1bbcdab.jpg,2
1bd1af7.jpg,1
1be8360.jpg,1
1bf444c.jpg,1
1bf56de.jpg,2
1c0199e.jpg,1
1c17cd8.jpg,3
1c25e19.jpg,4
1c2a208.jpg,1
1c3a47b.jpg,1
1c4b945.jpg,2
1c51d97.jpg,3
1c5ba78.jpg,2
1c675c8.jpg,1
1c7592c.jpg,2
1c75e0f.jpg,2
1c8fab7.jpg,3
1c9c133.jpg,2
1c9dc3c.jpg,4
1ca1bf1.jpg,3
1cb3f58.jpg,1
1cc2e60.jpg,1
1ccc7db.jpg,3
1cd34f0.jpg,4
1cd4af5.jpg,3
1cd77aa.jpg,3
1d03a48.jpg,1
1d115c0.jpg,3
1d20d37.jpg,4
1d30ec2.jpg,3
1d518f2.jpg,3
1d59a74.jpg,2
1d655f7.jpg,2
1d6d628.jpg,4
1d7b9b4.jpg,3
1d8ba80.jpg,2
1d8ce67.jpg,2
1d9080c.jpg,2
1dacc16.jpg,1
1dad1e6.jpg,1
1db4de4.jpg,3
1db7e30.jpg,2
1db9078.jpg,3
1de58ae.jpg,2
1dea855.jpg,1
1df3c0f.jpg,3
1df3c2c.jpg,1
1df7c97.jpg,3
1dfdc2f.jpg,2
1e093aa.jpg,3
1e10838.jpg,3
1e128f0.jpg,2
1e40a05.jpg,1
1e40cf3.jpg,2
1e45053.jpg,3
1e53eb3.jpg,3
1e5e148.jpg,2
1e5f240.jpg,2
1e61a35.jpg,2
1e637ce.jpg,2
1e6accd.jpg,4
1e6f0a5.jpg,3
1e7e83c.jpg,2
1e81237.jpg,3
1e89fa3.jpg,2
1e9a8ba.jpg,3
1ea27d0.jpg,2
1eac7c5.jpg,3
1ec7c3e.jpg,2
1ecd287.jpg,1
1ed1c71.jpg,1
1ed1de9.jpg,3
1edcdca.jpg,3
1eee939.jpg,1
1eefbee.jpg,3
1ef6eb0.jpg,2
1efdd45.jpg,3
1f2064b.jpg,2
1f2b25e.jpg,2
1f31da9.jpg,2
1f3d231.jpg,1
1f42c22.jpg,2
1f51081.jpg,2
1f72d0c.jpg,1
1f778a1.jpg,3
1f7d39c.jpg,2
1f846aa.jpg,4
1f98b20.jpg,2
1f995ec.jpg,3
1f9dc0a.jpg,1
1f9e9c8.jpg,3
1fa1af6.jpg,1
1fa5dc9.jpg,4
1faee38.jpg,2
1fdd073.jpg,2
1fde3a9.jpg,1
1ff1606.jpg,2
1ff7088.jpg,3
1fff557.jpg,1
20019f4.jpg,3
2011ba8.jpg,2
2011d14.jpg,2
2012217.jpg,2
201e402.jpg,4
201e8bc.jpg,2
202bbe5.jpg,4
203210a.jpg,2
2034eb0.jpg,1
2052d5e.jpg,2
205f4d9.jpg,3
2072a00.jpg,2
2098442.jpg,3
20a75a2.jpg,3
20acdb9.jpg,2
20b5d9e.jpg,2
20b6edb.jpg,3
20bfa73.jpg,3
20ce8a1.jpg,1
20d18d9.jpg,2
20e355c.jpg,3
20fd60a.jpg,3
20ff5a3.jpg,1
2107837.jpg,2
2122e58.jpg,1
2146322.jpg,1
214a134.jpg,3
21561a2.jpg,1
215983c.jpg,1
217fe85.jpg,3
2181ed8.jpg,3
2184756.jpg,3
21a1772.jpg,2
21b55aa.jpg,2
21b750d.jpg,1
21d0aaf.jpg,3
21d5124.jpg,2
21d8517.jpg,1
21d93a3.jpg,1
220cb00.jpg,1
2216d4c.jpg,2
221b3c5.jpg,3
2228713.jpg,3
222adf2.jpg,2
225361c.jpg,3
226585a.jpg,2
226aec4.jpg,2
228ad71.jpg,2
22aea6f.jpg,2
22db04c.jpg,2
22eca9b.jpg,1
22ed4e2.jpg,2
2301c2f.jpg,2
23162da.jpg,1
231726b.jpg,2
2317309.jpg,3
231a6b7.jpg,2
231be51.jpg,3
231f796.jpg,4
2325bfb.jpg,1
2325e1d.jpg,4
23374cf.jpg,2
233f927.jpg,3
23565eb.jpg,2
2366810.jpg,2
237043b.jpg,3
2376acb.jpg,3
2385676.jpg,2
239d169.jpg,3
239d976.jpg,2
23a1186.jpg,3
23a172f.jpg,3
23d1c12.jpg,4
23d2127.jpg,1
23d83df.jpg,3
23e204e.jpg,3
23f4ac4.jpg,2
24005a2.jpg,2
2404bd2.jpg,1
240adca.jpg,1
240afd4.jpg,3
2416f15.jpg,2
24188a2.jpg,2
2437176.jpg,2
244894a.jpg,2
244b174.jpg,3
24681ee.jpg,2
246839b.jpg,2
2469bfe.jpg,2
247f10c.jpg,1
2485e01.jpg,3
24869a0.jpg,2
24884e7.jpg,1
248b43c.jpg,1
24afc43.jpg,3
24c16bb.jpg,1
24cf654.jpg,2
24d10e1.jpg,3
24dd99c.jpg,4
24f8df3.jpg,3
2502390.jpg,1
252418d.jpg,3
25273cd.jpg,3
25323c9.jpg,3
2537d51.jpg,3
2541bb8.jpg,2
254331b.jpg,3
25459bd.jpg,2
25496aa.jpg,3
25500bf.jpg,1
255e997.jpg,1
2567ebe.jpg,4
25771e9.jpg,2
2581372.jpg,2
2583c5d.jpg,2
259371b.jpg,2
259b3f7.jpg,3
25a0b95.jpg,2
25b508f.jpg,2
25d1550.jpg,2
25d78ce.jpg,3
25f5f23.jpg,2
25fbe3c.jpg,2
2614862.jpg,3
2637d3b.jpg,2
263ab62.jpg,2
265e050.jpg,2
26692c1.jpg,2
2670dc1.jpg,1
26848ed.jpg,2
2688104.jpg,3
26890f8.jpg,2
2689ec9.jpg,2
268bc2d.jpg,2
269a0ef.jpg,2
26a1574.jpg,1
26a3145.jpg,1
26a68cf.jpg,1
26a8ea4.jpg,3
26ab36c.jpg,2
26b05a9.jpg,3
26b5ad8.jpg,2
26b5ee8.jpg,1
26bce92.jpg,2
26bd626.jpg,3
26ca2e3.jpg,1
26d342f.jpg,3
26eea75.jpg,2
27069e6.jpg,3
270dbf3.jpg,1
271a0a9.jpg,2
273b84c.jpg,2
274bdf4.jpg,1
274bec4.jpg,2
275478e.jpg,3
2762444.jpg,3
278825d.jpg,2
27c2271.jpg,2
27cf6d3.jpg,2
27fc552.jpg,3
28084ab.jpg,3
28086d0.jpg,3
28094b7.jpg,3
280fb45.jpg,1
2828b02.jpg,1
2843f3b.jpg,4
2844251.jpg,4
286af34.jpg,2
28741bc.jpg,3
2874418.jpg,2
2882cd5.jpg,1
288bf14.jpg,2
288dea7.jpg,3
289869f.jpg,2
28a7fc0.jpg,3
28ab992.jpg,1
28b5c9d.jpg,2
28c55ac.jpg,3
28cb3b3.jpg,1
28d63a7.jpg,3
28e1750.jpg,1
28e5d9b.jpg,1
28e90ae.jpg,2
28f3277.jpg,2
2908dda.jpg,2
291a778.jpg,1
292bb4e.jpg,2
295a844.jpg,2
296636d.jpg,3
296af3d.jpg,1
297a26e.jpg,2
297af75.jpg,3
29840ba.jpg,4
298676d.jpg,1
29a268d.jpg,1
29a5a5c.jpg,2
29d9683.jpg,3
29dfbc9.jpg,3
29eebca.jpg,2
29ef385.jpg,2
29f4c4d.jpg,2
29f7bea.jpg,1
29f92e0.jpg,3
2a3950b.jpg,2
2a4bfd3.jpg,2
2a4da73.jpg,3
2a5ea2e.jpg,4
2a716ef.jpg,2
2a77bb5.jpg,1
2a7aaee.jpg,1
2a95164.jpg,3
2a9a669.jpg,3
2aa5055.jpg,2
2abbce2.jpg,2
2abd464.jpg,2
2adf501.jpg,4
2ae6637.jpg,1
2aea5d8.jpg,1
2aeac67.jpg,2
2b014d5.jpg,2
2b03476.jpg,4
2b0cded.jpg,2
2b1173c.jpg,2
2b2c1f9.jpg,2
2b335f2.jpg,3
2b48c51.jpg,2
2b48c85.jpg,3
2b51f11.jpg,3
2b53ec3.jpg,1
2b74889.jpg,1
2b76910.jpg,1
2b78c19.jpg,2
2b7f6e9.jpg,1
2b9fe8b.jpg,2
2ba1557.jpg,1
2ba6090.jpg,4
2ba7c9c.jpg,2
2bac94b.jpg,3
2bb4c59.jpg,3
2bcc55e.jpg,3
2bccb00.jpg,1
2bd2f34.jpg,2
2bdfc09.jpg,3
2bed551.jpg,3
2bee378.jpg,1
2bf9137.jpg,3
2c03f30.jpg,2
2c078e9.jpg,2
2c119c5.jpg,2
2c2d56a.jpg,1
2c50a10.jpg,3
2c69237.jpg,1
2c6b0db.jpg,1
2c799cb.jpg,2
2c85439.jpg,2
2caa0fe.jpg,1
2caaa0c.jpg,2
2ccd5bc.jpg,1
2ce15d2.jpg,2
2cf739a.jpg,3
2cfb285.jpg,1
2d04c78.jpg,2
2d09e66.jpg,4
2d13b0e.jpg,2
2d2bd73.jpg,3
2d2c35f.jpg,3
2d4a01b.jpg,2
2d505dd.jpg,1
2d5b983.jpg,2
2d6b549.jpg,1
2d6d2f2.jpg,1
2d766fa.jpg,2
2d94a62.jpg,3
2d9d608.jpg,3
2d9da73.jpg,1
2dc2879.jpg,2
2dd98b1.jpg,1
2de004a.jpg,1
2e00025.jpg,3
2e08499.jpg,3
2e08a94.jpg,2
2e0da7c.jpg,2
2e13f1c.jpg,3
2e18624.jpg,2
2e2730c.jpg,3
2e2dcc0.jpg,2
2e324d9.jpg,2
2e39160.jpg,3
2e3ba6d.jpg,2
2e4f5ab.jpg,4
2e6188e.jpg,2
2e62e3b.jpg,1
2e68cd2.jpg,2
2e8af54.jpg,1
2e92dba.jpg,3
2e9995a.jpg,3
2ec6407.jpg,2
2ecd0ad.jpg,2
2ede37a.jpg,2
2ef4e3d.jpg,3
2f09216.jpg,3
2f0ab81.jpg,2
2f0f020.jpg,2
2f1f439.jpg,4
2f37e80.jpg,1
2f52d76.jpg,2
2f6a908.jpg,1
2f7339b.jpg,1
2f79ff9.jpg,4
2f7ae72.jpg,2
2f85c01.jpg,1
2f88878.jpg,1
2fa6af2.jpg,2
2fa722e.jpg,2
2fb3a58.jpg,2
2fc0ce1.jpg,3
2fca887.jpg,2
2fccd95.jpg,3
2fd6308.jpg,2
2fd9de0.jpg,4
2ff4aba.jpg,3
3012bed.jpg,1
301d8a5.jpg,2
301eb76.jpg,1
302ba31.jpg,2
302fdd0.jpg,1
3033ac9.jpg,3
3034080.jpg,3
303cbec.jpg,3
30475b5.jpg,2
305086e.jpg,1
305f17c.jpg,3
3076b4f.jpg,1
3078e1f.jpg,1
3087f1e.jpg,3
309fa70.jpg,2
30a242e.jpg,1
30a24c5.jpg,2
30ab329.jpg,2
30b1cf6.jpg,2
30bc47c.jpg,3
30c428d.jpg,3
30ca398.jpg,2
30cd5ce.jpg,3
30d1662.jpg,1
30d17a5.jpg,3
30d24dd.jpg,2
30e0c38.jpg,3
30e42d1.jpg,2
30e7d76.jpg,4
30f380c.jpg,1
30f3b3b.jpg,1
30fc15d.jpg,3
30fd8b9.jpg,2
30fe092.jpg,2
3117d1b.jpg,2
31226bb.jpg,3
3124a1e.jpg,2
3135080.jpg,1
3136207.jpg,3
314d8b6.jpg,3
315475d.jpg,3
3191139.jpg,3
319c0d9.jpg,1
31b8410.jpg,3
31b97f2.jpg,1
31c1874.jpg,2
31dd939.jpg,2
31e02b7.jpg,3
31e27bd.jpg,2
3220621.jpg,3
322ae35.jpg,1
32362f6.jpg,1
3246a16.jpg,1
324b73e.jpg,1
3257841.jpg,3
32583c0.jpg,1
325c4eb.jpg,3
326c95d.jpg,1
327e8d9.jpg,2
32983ad.jpg,2
329c25e.jpg,3
32af0bb.jpg,2
32b8e00.jpg,2
32b9342.jpg,2
32c7577.jpg,2
32d43c0.jpg,2
32e9f95.jpg,3
32f591b.jpg,2
332711f.jpg,2
332cb5c.jpg,1
3361513.jpg,3
336c1c1.jpg,1
338508c.jpg,2
33853a8.jpg,2
338b26d.jpg,1
33a5c0d.jpg,1
33accb4.jpg,2
33b39e2.jpg,3
33bb572.jpg,1
33bf913.jpg,2
33ccc99.jpg,3
33cdcc4.jpg,1
33d4a84.jpg,3
33d884c.jpg,3
33dcd86.jpg,4
33eba7a.jpg,3
33f60b7.jpg,2
34009a3.jpg,1
3437a8c.jpg,2
345e596.jpg,2
3462fbd.jpg,2
3465da2.jpg,3
34687a0.jpg,3
348a2da.jpg,2
34982aa.jpg,1
34acd35.jpg,2
34b7e48.jpg,3
34b854f.jpg,1
34ce664.jpg,3
34cfd98.jpg,4
34d2e05.jpg,2
34d6934.jpg,3
350272c.jpg,1
3509cbc.jpg,1
350f820.jpg,4
35250ae.jpg,2
35314d1.jpg,1
3549ebc.jpg,2
355039b.jpg,2
3551039.jpg,2
3555d3d.jpg,2
3555fe9.jpg,1
3564c5d.jpg,1
3568623.jpg,2
356ddab.jpg,2
357d9af.jpg,3
35825cc.jpg,1
358a9e4.jpg,2
3594a7e.jpg,4
3597a58.jpg,2
359b9af.jpg,2
35a74ce.jpg,2
35ae0be.jpg,1
35b7192.jpg,4
35b8c94.jpg,3
35c699a.jpg,2
35c9c03.jpg,1
35fd4c0.jpg,3
36011e9.jpg,1
36087c7.jpg,1
3614409.jpg,1
36198e2.jpg,3
361d0a3.jpg,2
361e863.jpg,1
3624c8b.jpg,3
362a128.jpg,3
363528a.jpg,2
3671c62.jpg,3
367ad03.jpg,2
367da7d.jpg,2
3685cdd.jpg,3
36a83e9.jpg,1
36b798f.jpg,1
36b7e83.jpg,3
36bc4ed.jpg,4
36e8fb4.jpg,1
36f5c03.jpg,2
36f78f9.jpg,2
36f9bee.jpg,4
36fa9a3.jpg,3
36ffc1a.jpg,1
371851d.jpg,1
371f356.jpg,2
37254b5.jpg,1
37266a4.jpg,3
372b2b3.jpg,3
3739ef1.jpg,3
375717a.jpg,3
3775509.jpg,2
37771a6.jpg,3
3783c7b.jpg,2
37b5e0c.jpg,1
37b9752.jpg,2
37ba270.jpg,2
37bb4cd.jpg,1
37d17f4.jpg,3
37d76b3.jpg,1
37d9a5d.jpg,3
37dd56d.jpg,2
37e8349.jpg,1
37ef008.jpg,3
37fed9d.jpg,2
3804b2b.jpg,1
382b474.jpg,3
382f877.jpg,3
383ab8f.jpg,3
384709a.jpg,4
384ea26.jpg,2
3851530.jpg,1
385672f.jpg,3
3865225.jpg,1
387337a.jpg,4
3874f5b.jpg,3
3878f46.jpg,1
387d7f3.jpg,2
3890c7d.jpg,1
389809e.jpg,1
38a73d1.jpg,3
38c2b14.jpg,2
38cbf8e.jpg,3
38d1dcb.jpg,3
38d6ca7.jpg,3
38d89be.jpg,1
38e2591.jpg,1
38e692d.jpg,2
38edef9.jpg,2
38f552f.jpg,3
38f892a.jpg,2
390a09e.jpg,1
392a36c.jpg,2
3956d94.jpg,2
3959204.jpg,2
39612fc.jpg,3
3967999.jpg,3
39762aa.jpg,2
397c2fd.jpg,1
398dc9e.jpg,2
399c46a.jpg,2
39a6998.jpg,2
39abb90.jpg,2
39b6264.jpg,3
39ba378.jpg,2
39c7521.jpg,1
39dda45.jpg,3
39e8a84.jpg,4
39ee70a.jpg,1
39f8e06.jpg,3
39fddf5.jpg,2
39fe502.jpg,2
3a1d51d.jpg,4
3a20a3b.jpg,3
3a22c45.jpg,4
3a3d9d8.jpg,2
3a65eb7.jpg,3
3a74f93.jpg,1
3a988a0.jpg,3
3aa3471.jpg,3
3aa45f7.jpg,2
3abe7e8.jpg,3
3ac4db8.jpg,2
3af498e.jpg,3
3af5485.jpg,3
3af6e4a.jpg,3
3b0f693.jpg,2
3b10564.jpg,3
3b11de9.jpg,2
3b14060.jpg,1
3b2d74d.jpg,2
3b2d874.jpg,1
3b3923a.jpg,2
3b41be4.jpg,2
3b47e9a.jpg,3
3b69197.jpg,1
3b6f2e1.jpg,2
3b714ef.jpg,2
3b75975.jpg,1
3b7e099.jpg,3
3b88744.jpg,2
3b9a092.jpg,1
3b9a844.jpg,1
3bae0b1.jpg,1
3bb7003.jpg,1
3bbc0d1.jpg,2
3be83a1.jpg,1
3bfce0d.jpg,2
3bfee71.jpg,3
3c050f0.jpg,3
3c1185d.jpg,1
3c1e099.jpg,2
3c389ff.jpg,2
3c46b98.jpg,1
3c47db3.jpg,2
3c4decc.jpg,3
3c510d6.jpg,2
3c590a8.jpg,2
3c61c1f.jpg,2
3c63115.jpg,2
3c63ab1.jpg,2
3c799da.jpg,1
3c7f423.jpg,3
3c8263e.jpg,2
3c8465e.jpg,1
3c890ca.jpg,4
3c89cc8.jpg,2
3c8e848.jpg,2
3c95e67.jpg,3
3c9838f.jpg,2
3c9865d.jpg,1
3ca1bee.jpg,3
3ca2be3.jpg,2
3cb2d9b.jpg,1
3cbd4df.jpg,1
3cc849a.jpg,2
3cfbc46.jpg,3
3d02a63.jpg,1
3d1556d.jpg,1
3d1a24a.jpg,2
3d2a383.jpg,2
3d2ca1b.jpg,2
3d43805.jpg,1
3d5a458.jpg,4
3d610ef.jpg,3
3d61ee4.jpg,1
3d64d9d.jpg,3
3d7677c.jpg,2
3d7696d.jpg,2
3d7bf44.jpg,2
3d8e2cf.jpg,1
3da3d60.jpg,2
3dac0d2.jpg,2
3db4d09.jpg,2
3dce50f.jpg,3
3dcfeab.jpg,2
3dd8e3d.jpg,2
3dd9bfd.jpg,2
3dddc2c.jpg,3
3de03db.jpg,1
3de098d.jpg,1
3deeff0.jpg,3
3def0c0.jpg,1
3dfef9a.jpg,3
3e088fa.jpg,1
3e08f86.jpg,2
3e16ccd.jpg,2
3e2a8e3.jpg,3
3e2dcff.jpg,1
3e3ae9b.jpg,1
3e3b5b1.jpg,2
3e4e22f.jpg,2
3e4e92c.jpg,2
3e52b3b.jpg,3
3e5339e.jpg,2
3e7850b.jpg,1
3e9b383.jpg,2
3e9b8c5.jpg,2
3ea2d38.jpg,2
3ea3d5e.jpg,3
3eab9d4.jpg,1
3eaf925.jpg,2
3ebfc74.jpg,3
3ee165b.jpg,2
3f2fad1.jpg,2
3f46c09.jpg,2
3f5fbb3.jpg,2
3f611b8.jpg,2
3f6cf7a.jpg,4
3f79584.jpg,1
3f85e5c.jpg,3
3f89ff9.jpg,1
3f9c4ad.jpg,3
3fa1966.jpg,3
3fa4f8d.jpg,3
3faf64c.jpg,2
3fb68e9.jpg,1
3fb8025.jpg,2
3fc1779.jpg,1
3fc6617.jpg,1
3fd1595.jpg,2
3fd3480.jpg,2
3fdaec5.jpg,3
3fdf202.jpg,2
3fe10c2.jpg,1
3ff8744.jpg,2
3ff99a9.jpg,1
4001f91.jpg,3
400a38d.jpg,1
400b812.jpg,2
40131e7.jpg,1
402d02d.jpg,2
4039e00.jpg,1
403a9b2.jpg,1
404ad93.jpg,2
404f2ae.jpg,2
406c843.jpg,3
4073eba.jpg,2
40761e8.jpg,1
407a3f3.jpg,2
4094446.jpg,3
40a27dc.jpg,3
40add1c.jpg,4
40b5ace.jpg,3
40b5dce.jpg,2
40b8854.jpg,1
40bb58a.jpg,1
40db224.jpg,3
40dd239.jpg,1
40e464a.jpg,2
40f4a1b.jpg,2
40fc046.jpg,4
4152ee5.jpg,3
416aa8a.jpg,1
416e7bb.jpg,3
416f1a5.jpg,1
4178912.jpg,3
418ba98.jpg,2
4193bb8.jpg,2
41a3361.jpg,1
41b671c.jpg,3
41cceec.jpg,2
41f7932.jpg,2
41f92e5.jpg,1
4203100.jpg,3
4206b9a.jpg,2
42106bf.jpg,2
4221331.jpg,3
422ec1e.jpg,2
423c22d.jpg,1
42467ad.jpg,1
424f7a3.jpg,2
425d22b.jpg,2
4261637.jpg,3
4268fe2.jpg,2
426ac1c.jpg,1
426b015.jpg,3
4274e30.jpg,2
42a3502.jpg,4
42a9f36.jpg,2
42ac1b7.jpg,2
42b00c0.jpg,3
42d7480.jpg,3
42dca86.jpg,3
42ddf88.jpg,2
42e99c6.jpg,1
42f2864.jpg,1
431803c.jpg,3
4323dbb.jpg,1
4327db3.jpg,2
433074c.jpg,3
4334b72.jpg,3
4352c3a.jpg,3
4354ae0.jpg,3
4367df3.jpg,4
437159e.jpg,2
437f858.jpg,3
4385e54.jpg,3
4389112.jpg,2
438bec7.jpg,3
43a1735.jpg,3
43b6491.jpg,1
43b71d8.jpg,2
43dda13.jpg,3
441f755.jpg,1
4440011.jpg,3
444ac39.jpg,2
446a3d6.jpg,4
447585b.jpg,1
4478b8d.jpg,2
447d504.jpg,2
447db03.jpg,2
4480aac.jpg,1
4484f5e.jpg,3
44894ca.jpg,1
448b41e.jpg,4
449b792.jpg,1
44a186f.jpg,1
44a4171.jpg,2
44b1eec.jpg,2
44bfdc0.jpg,1
44c2557.jpg,2
450aaf4.jpg,2
45371dc.jpg,1
4548bd4.jpg,3
454cd29.jpg,4
4552f36.jpg,3
45562a0.jpg,1
4577bed.jpg,3
457a37b.jpg,3
45855f6.jpg,4
459b9d2.jpg,2
459bd29.jpg,3
45bb292.jpg,2
45bb58b.jpg,3
45c6d32.jpg,3
45ce2d0.jpg,1
45d7668.jpg,2
45d84b0.jpg,3
45e4d83.jpg,2
45e7f6c.jpg,2
45e8b5e.jpg,1
45f1d24.jpg,2
45f4fa5.jpg,2
4609798.jpg,3
4610a05.jpg,3
4610b10.jpg,2
46186f8.jpg,2
4623c6c.jpg,1
46378b0.jpg,2
463f786.jpg,1
464b75c.jpg,2
464f09c.jpg,2
465aaa7.jpg,3
465e214.jpg,2
4669e71.jpg,2
4669f29.jpg,2
466d902.jpg,3
4670cff.jpg,2
46718d7.jpg,2
46770f4.jpg,4
469c7a3.jpg,2
469d204.jpg,2
46a0232.jpg,2
46acb82.jpg,3
46b1c49.jpg,2
46b9874.jpg,1
46c3465.jpg,3
46c4c72.jpg,4
46cf440.jpg,3
46d61a0.jpg,3
46d7e08.jpg,2
46ea5be.jpg,1
4701545.jpg,1
471bc46.jpg,3
4736d30.jpg,1
473ca3a.jpg,1
47433e7.jpg,2
474a043.jpg,2
474cd96.jpg,2
4750111.jpg,1
4752188.jpg,1
476b209.jpg,4
476f864.jpg,3
4783deb.jpg,1
478ff25.jpg,1
4795dc4.jpg,3
479d78e.jpg,2
47b2950.jpg,2
47b9999.jpg,3
47c100b.jpg,1
47cc648.jpg,1
47d2d6f.jpg,3
47d4dd3.jpg,2
47f9395.jpg,2
480aec6.jpg,2
4818bfb.jpg,1
4821d4f.jpg,1
484846a.jpg,1
48559bd.jpg,2
485aa55.jpg,2
485e7d4.jpg,2
486dd52.jpg,3
4871396.jpg,1
487511c.jpg,1
487a239.jpg,2
4882d33.jpg,2
488a481.jpg,2
48a3430.jpg,1
48c64fb.jpg,2
48c8c90.jpg,3
48c986a.jpg,1
48ced4d.jpg,1
48e3e08.jpg,4
48f2ea7.jpg,1
48f5078.jpg,2
48fce1f.jpg,2
491127b.jpg,2
4931345.jpg,4
493ad65.jpg,1
49451fb.jpg,2
4966632.jpg,3
4969440.jpg,1
49707ca.jpg,2
4976449.jpg,3
498dd40.jpg,3
49953b3.jpg,3
49aa7e8.jpg,2
49d1880.jpg,2
49d3729.jpg,2
49d78be.jpg,3
49ea7e1.jpg,1
4a0f769.jpg,2
4a188aa.jpg,3
4a1cd12.jpg,2
4a21799.jpg,2
4a21c97.jpg,3
4a4dd10.jpg,2
4a4f577.jpg,2
4a7b6e3.jpg,3
4a9317a.jpg,3
4aa465b.jpg,2
4aac315.jpg,2
4ac2abc.jpg,3
4ae6cea.jpg,3
4aeabae.jpg,3
4af1130.jpg,2
4b0d7f2.jpg,1
4b26cef.jpg,1
4b356af.jpg,4
4b46ad5.jpg,1
4b67f58.jpg,1
4b68bb9.jpg,2
4b7e713.jpg,2
4b8a262.jpg,3
4b8bfed.jpg,2
4b90125.jpg,3
4b93579.jpg,2
4b9d085.jpg,2
4ba989e.jpg,3
4bb134a.jpg,1
4bb3ab8.jpg,3
4bc83a5.jpg,3
4bd9acc.jpg,3
4be905a.jpg,2
4c11129.jpg,2
4c45ed1.jpg,2
4c478af.jpg,2
4c60d33.jpg,2
4c6e508.jpg,3
4c6e9e9.jpg,1
4c71c0f.jpg,2
4c7f6ae.jpg,1
4c82d50.jpg,2
4c937c9.jpg,2
4c981c4.jpg,3
4cad539.jpg,1
4cadf84.jpg,2
4cb22d8.jpg,1
4cb3e53.jpg,2
4cb56f7.jpg,3
4cb5baf.jpg,2
4cb97bf.jpg,1
4cbef7f.jpg,2
4cce343.jpg,1
4cd1196.jpg,1
4cdb06e.jpg,2
4ce7229.jpg,1
4cead07.jpg,3
4d07564.jpg,1
4d095cb.jpg,2
4d17338.jpg,2
4d19d32.jpg,1
4d1e3ee.jpg,1
4d1efc1.jpg,4
4d2313e.jpg,3
4d2468a.jpg,1
4d256f4.jpg,2
4d257e6.jpg,3
4d453ca.jpg,3
4d4a1ee.jpg,1
4d5151a.jpg,2
4d60b60.jpg,2
4d68e00.jpg,2
4d7ab3d.jpg,4
4d7bcd8.jpg,3
4d85dfd.jpg,1
4d8f632.jpg,3
4da9b87.jpg,3
4db8f29.jpg,2
4dbaadb.jpg,1
4dc7608.jpg,3
4dce836.jpg,2
4dd81bc.jpg,2
4ddc6ce.jpg,3
4de1b3c.jpg,1
4de79f9.jpg,3
4df63d1.jpg,1
4df802c.jpg,1
4df8322.jpg,2
4e07d40.jpg,3
4e07daf.jpg,3
4e16d1a.jpg,1
4e1edec.jpg,2
4e20128.jpg,2
4e2044f.jpg,3
4e20a6f.jpg,2
4e20f40.jpg,2
4e29ef1.jpg,2
4e34bd3.jpg,3
4e3db77.jpg,1
4e426e5.jpg,1
4e5b275.jpg,2
4e60552.jpg,1
4e619e0.jpg,4
4e6296d.jpg,2
4e7efa6.jpg,2
4e80c08.jpg,1
4e8a0ad.jpg,2
4e96caa.jpg,2
4ea4fa7.jpg,1
4ea746a.jpg,2
4eb9e3a.jpg,2
4ebca69.jpg,1
4ee47a5.jpg,1
4ef3b9a.jpg,2
4efb7c0.jpg,3
4f07931.jpg,4
4f1c86a.jpg,1
4f287ed.jpg,2
4f29765.jpg,2
4f3407b.jpg,2
4f3473e.jpg,2
4f39b0e.jpg,2
4f4b396.jpg,4
4f5ca1a.jpg,4
4f61885.jpg,3
4f6567a.jpg,2
4f78f90.jpg,2
4f8089c.jpg,3
4f85cca.jpg,2
4f98285.jpg,2
4f98f81.jpg,2
4f997d8.jpg,2
4f9e5ec.jpg,3
4fa9d86.jpg,1
4fb6394.jpg,3
4fed565.jpg,1
5000f4e.jpg,3
50040ce.jpg,2
5031aa2.jpg,2
5032081.jpg,3
5033c51.jpg,3
5036cdd.jpg,2
5044afe.jpg,1
505da91.jpg,1
505fe43.jpg,2
5062ed7.jpg,2
5065bfb.jpg,1
506e9d9.jpg,2
5085129.jpg,2
508bb22.jpg,1
508ff38.jpg,2
5092ba5.jpg,1
5096e2f.jpg,4
50a3d6b.jpg,1
50a4d24.jpg,3
50a7f92.jpg,2
50b4510.jpg,2
50b4c93.jpg,2
50c34af.jpg,1
50cc177.jpg,1
50d3f97.jpg,2
50d9af8.jpg,3
50dd668.jpg,2
50de31c.jpg,1
50eb230.jpg,2
50ebf1b.jpg,2
50f3cf9.jpg,2
510f68f.jpg,3
5114704.jpg,2
51188da.jpg,3
5122a3d.jpg,2
51273ca.jpg,3
5127b0e.jpg,2
512f9ae.jpg,1
51651bd.jpg,2
5170f9a.jpg,2
517e646.jpg,4
5185dc3.jpg,2
518a110.jpg,4
518a511.jpg,1
518e821.jpg,2
519820d.jpg,2
519af6c.jpg,2
51c3adf.jpg,4
51d19b4.jpg,3
51d5c06.jpg,3
51e2f17.jpg,2
5200db6.jpg,2
522d734.jpg,2
523527f.jpg,3
523a7eb.jpg,1
524d262.jpg,2
5265e81.jpg,1
526a00a.jpg,3
526b1b6.jpg,2
52708dc.jpg,2
5272301.jpg,2
5275b51.jpg,2
527cd5a.jpg,2
5283dcf.jpg,1
5291a8b.jpg,1
52c6c7c.jpg,3
52df6e7.jpg,3
5303d92.jpg,1
5304b8c.jpg,2
530bba4.jpg,4
531ce32.jpg,3
5323f91.jpg,3
533d05b.jpg,1
5359209.jpg,1
535e20f.jpg,2
5363d14.jpg,3
5379a9b.jpg,4
537fa5b.jpg,2
5387d7a.jpg,2
538eb3e.jpg,1
5396cd5.jpg,1
539f578.jpg,2
539f81d.jpg,2
539fabf.jpg,1
53a34b5.jpg,2
53ac6f2.jpg,1
53beafa.jpg,3
53c625a.jpg,3
53cfb45.jpg,3
53d7db0.jpg,3
53d9252.jpg,2
53dc7ef.jpg,3
53ec2b9.jpg,2
5401a47.jpg,3
540e758.jpg,3
540fde7.jpg,1
541833b.jpg,1
541dabf.jpg,1
542837e.jpg,1
54488de.jpg,2
545347e.jpg,3
54549d3.jpg,1
5454e61.jpg,2
5461c16.jpg,3
547a232.jpg,4
547ad87.jpg,2
5481727.jpg,3
5488e4d.jpg,2
548b7fa.jpg,1
548cb15.jpg,2
5492bb6.jpg,2
5497a47.jpg,1
5499691.jpg,1
54e7e65.jpg,2
54f3687.jpg,3
54f545a.jpg,3
550b4b2.jpg,1
550fbec.jpg,2
551efa2.jpg,1
5526689.jpg,4
5526965.jpg,1
5530c6e.jpg,2
554a149.jpg,2
5565977.jpg,4
5568762.jpg,2
556c8a9.jpg,1
556e494.jpg,2
5571156.jpg,3
5574b00.jpg,4
559f7e9.jpg,2
55a90df.jpg,2
55a9951.jpg,1
55b0e2f.jpg,2
55b539f.jpg,4
55b66ef.jpg,2
55b96f1.jpg,2
55c5cc8.jpg,2
55c7b6a.jpg,3
55ddc31.jpg,1
5602640.jpg,1
5607f7b.jpg,3
560dedf.jpg,2
5615b7f.jpg,1
56189fc.jpg,2
5620088.jpg,2
562e2d8.jpg,2
562f80a.jpg,4
5634f67.jpg,2
5639fa6.jpg,1
563d734.jpg,3
563fc48.jpg,3
56509f6.jpg,2
565ef0f.jpg,1
56609dc.jpg,1
5672ac4.jpg,1
5674ed7.jpg,3
56768d6.jpg,2
567d89b.jpg,2
5683db4.jpg,3
5693edc.jpg,2
56b41f4.jpg,2
56d6113.jpg,3
56e29f4.jpg,1
57039d6.jpg,1
5716443.jpg,1
5717e63.jpg,3
5726c26.jpg,2
572e751.jpg,2
573cb27.jpg,3
573e737.jpg,1
57559fb.jpg,3
5757384.jpg,1
57612d3.jpg,1
576d516.jpg,3
577ae67.jpg,3
5796eb0.jpg,1
5797732.jpg,1
579aa7d.jpg,2
57aeea8.jpg,2
57b348e.jpg,3
57b7189.jpg,2
57b92ae.jpg,1
57cad1e.jpg,2
57d6473.jpg,1
57f4f80.jpg,1
580ced2.jpg,1
581337f.jpg,2
5818d5c.jpg,2
5826d49.jpg,3
582a2f9.jpg,2
582be7d.jpg,2
58400f4.jpg,2
5842bbc.jpg,2
585be3c.jpg,3
585ef3f.jpg,2
5861aba.jpg,2
586b980.jpg,1
587168a.jpg,2
589c00e.jpg,1
589e066.jpg,2
58b193a.jpg,3
58b6bd0.jpg,2
58b894f.jpg,1
58b8f5f.jpg,1
58baf3f.jpg,1
58cafad.jpg,1
58dbb8e.jpg,3
58eeb5a.jpg,3
59121a5.jpg,1
5919293.jpg,2
591d376.jpg,2
59257f8.jpg,2
592a80e.jpg,2
593e9c3.jpg,2
5959d43.jpg,2
595dc06.jpg,3
596ffd4.jpg,2
5973bf6.jpg,1
5977273.jpg,2
5982ca9.jpg,2
5988f45.jpg,3
59a9f6a.jpg,2
59b8208.jpg,3
59c59c9.jpg,3
59c8593.jpg,2
59e4a3a.jpg,2
59e4fb8.jpg,2
59ee98c.jpg,2
59ef2ad.jpg,4
59f27ca.jpg,1
59f6a74.jpg,1
59fa976.jpg,2
59faffb.jpg,3
5a0bfdb.jpg,3
5a17ad4.jpg,2
5a18d32.jpg,2
5a2351f.jpg,2
5a273b7.jpg,1
5a39592.jpg,1
5a40440.jpg,2
5a4a165.jpg,1
5a4cb07.jpg,2
5a59da4.jpg,2
5a7110e.jpg,3
5a848ca.jpg,2
5a89bdd.jpg,3
5a90874.jpg,2
5aa2410.jpg,2
5aa9d5c.jpg,3
5aa9ef7.jpg,3
5abb7ba.jpg,1
5ada6a5.jpg,2
5adab04.jpg,4
5ade33e.jpg,1
5ae6f6b.jpg,3
5ae83b1.jpg,3
5af5fb5.jpg,2
5b1ad73.jpg,2
5b291dc.jpg,4
5b3a75a.jpg,3
5b4aeb9.jpg,1
5b4b7a9.jpg,1
5b5a329.jpg,1
5b5b88f.jpg,2
5b6548c.jpg,3
5b7030e.jpg,2
5b8ad7b.jpg,2
5b8b392.jpg,3
5b8cb34.jpg,2
5bb1404.jpg,2
5bb4da0.jpg,2
5bbdf39.jpg,1
5bc3657.jpg,2
5bd2b4f.jpg,2
5bdfde0.jpg,2
5be3705.jpg,3
5bfaa5d.jpg,3
5bfcce8.jpg,1
5bfd47b.jpg,2
5c07f2e.jpg,2
5c0bffd.jpg,2
5c1c0b4.jpg,1
5c1ef4a.jpg,2
5c1fc68.jpg,3
5c222e1.jpg,3
5c350a4.jpg,2
5c3b6b2.jpg,3
5c3ec3b.jpg,3
5c47151.jpg,1
5c586b3.jpg,2
5c62413.jpg,4
5c6a07a.jpg,1
5c6d3e7.jpg,3
5c92503.jpg,3
5c9625b.jpg,3
5ca94d8.jpg,1
5caec32.jpg,1
5cb12d5.jpg,2
5cb17db.jpg,1
5cb88d5.jpg,2
5cbba6c.jpg,3
5cd690b.jpg,2
5ce2db4.jpg,2
5ce4a12.jpg,3
5cf2727.jpg,1
5cf4451.jpg,2
5d1457f.jpg,3
5d1519c.jpg,1
5d15595.jpg,3
5d16392.jpg,1
5d27b80.jpg,1
5d3b861.jpg,2
5d4610c.jpg,3
5d5df5d.jpg,2
5d95a4f.jpg,1
5d97310.jpg,3
5daea80.jpg,1
5db36c7.jpg,1
5db9acd.jpg,3
5ddc6fb.jpg,3
5de46ee.jpg,2
5ded2d5.jpg,2
5e18f10.jpg,2
5e221da.jpg,1
5e2e9fe.jpg,2
5e502b0.jpg,1
5e50e7d.jpg,2
5e6862b.jpg,2
5e70931.jpg,2
5e70a5b.jpg,3
5e8c429.jpg,3
5e8cc57.jpg,3
5e91be2.jpg,3
5e94ac3.jpg,2
5ea747e.jpg,3
5ea862d.jpg,2
5eb72aa.jpg,3
5eb8563.jpg,2
5ebaa92.jpg,2
5eca271.jpg,2
5ee638b.jpg,1
5ee76bb.jpg,2
5eef1a6.jpg,3
5ef0528.jpg,2
5ef9368.jpg,2
5efca5a.jpg,2
5f00373.jpg,2
5f03236.jpg,2
5f0f098.jpg,2
5f2bb79.jpg,2
5f37f67.jpg,2
5f3a504.jpg,2
5f3c83d.jpg,3
5f58f6d.jpg,3
5f6dee0.jpg,2
5f6f168.jpg,2
5f767dc.jpg,1
5f797ad.jpg,2
5f89bdd.jpg,2
5f90e8b.jpg,1
5f944a6.jpg,2
5fa1cda.jpg,1
5fb1a06.jpg,2
5fbed06.jpg,2
5fc6df9.jpg,2
5fc72bd.jpg,2
5fdc633.jpg,3
5fe9d01.jpg,3
5ff8aa7.jpg,2
6003371.jpg,2
60090dd.jpg,3
601eb93.jpg,1
602a847.jpg,3
60300f3.jpg,1
6055c4e.jpg,2
6071360.jpg,2
607635f.jpg,4
607fab3.jpg,1
608f17c.jpg,3
609f727.jpg,3
60aa201.jpg,2
60b45bc.jpg,3
60b6d2c.jpg,3
60bac00.jpg,1
60bcb45.jpg,2
60d58bc.jpg,2
60d8612.jpg,2
60de9d5.jpg,4
60e0830.jpg,2
60e5e19.jpg,3
60f02b9.jpg,1
60f3688.jpg,2
60f9b85.jpg,1
60fa88d.jpg,2
611e030.jpg,1
61231a7.jpg,1
61259d9.jpg,3
612b886.jpg,1
6131b26.jpg,2
614dd14.jpg,1
6150007.jpg,3
6158df3.jpg,2
616ae44.jpg,2
617deb8.jpg,1
619232f.jpg,3
61a938e.jpg,1
61aa154.jpg,3
61aa811.jpg,3
61aa8dc.jpg,1
61c707f.jpg,1
61d5e94.jpg,1
61d6640.jpg,2
61df166.jpg,1
61e6917.jpg,2
61edbbb.jpg,2
62232d8.jpg,2
622e689.jpg,3
624f5eb.jpg,2
6255e8f.jpg,4
6259d71.jpg,2
6268ffd.jpg,2
6269236.jpg,2
62770f1.jpg,3
629b099.jpg,2
62a0b76.jpg,3
62a9c2a.jpg,2
62b0b9d.jpg,2
62b835b.jpg,2
62bc4c0.jpg,4
62c2891.jpg,1
62c4400.jpg,2
62c65a9.jpg,3
62c8919.jpg,3
62e476b.jpg,2
63056f2.jpg,2
6313558.jpg,3
631d0b1.jpg,3
632025e.jpg,3
6329877.jpg,2
632ab33.jpg,3
63374ce.jpg,2
6338b11.jpg,3
633fdf8.jpg,2
635c7fb.jpg,2
63881b2.jpg,3
638a4e0.jpg,1
6399486.jpg,2
639f419.jpg,1
63a7fdd.jpg,3
63ad014.jpg,2
63b45f9.jpg,4
63ca326.jpg,3
63cdf82.jpg,2
63d5d7f.jpg,3
63e8002.jpg,1
63e8210.jpg,3
63eb480.jpg,1
63efbae.jpg,1
63fb300.jpg,2
640441a.jpg,1
6404507.jpg,3
645fbee.jpg,2
646b61e.jpg,3
647ee60.jpg,3
6488435.jpg,2
6492903.jpg,3
649aecc.jpg,1
649fbd7.jpg,2
649fef1.jpg,3
64ab7ee.jpg,3
64b3790.jpg,3
64e399d.jpg,2
64f2d80.jpg,3
64f38b5.jpg,2
64fa9fe.jpg,2
65144b5.jpg,4
6521d76.jpg,1
6522d46.jpg,2
652313c.jpg,3
652454c.jpg,3
653008c.jpg,3
6550e47.jpg,2
6559163.jpg,2
6566b6a.jpg,1
656b784.jpg,3
657399d.jpg,1
657da26.jpg,2
659c0e7.jpg,3
65b6bf1.jpg,3
65bd57f.jpg,1
65c7db7.jpg,1
65c8f29.jpg,2
65d0637.jpg,3
65d4ea5.jpg,3
65d517a.jpg,2
65e3251.jpg,2
65e4b8e.jpg,3
660321e.jpg,2
660f86e.jpg,2
662dd79.jpg,2
66366e7.jpg,3
663b9cd.jpg,2
663f53b.jpg,3
664941d.jpg,2
6651d1c.jpg,2
6656b8f.jpg,3
665bad4.jpg,3
665e444.jpg,4
667adca.jpg,1
667f9a9.jpg,3
6690e5e.jpg,1
669e93d.jpg,2
669f323.jpg,2
66a0efd.jpg,1
66a31c3.jpg,3
66aad93.jpg,3
66cc984.jpg,2
66cda54.jpg,1
66ee690.jpg,2
66f5dfc.jpg,1
66f6125.jpg,3
67080af.jpg,1
6708d0b.jpg,2
6720d34.jpg,3
67234f5.jpg,2
6723a7d.jpg,1
672fd54.jpg,3
674501d.jpg,2
676806e.jpg,2
677cf18.jpg,3
679c9d7.jpg,2
679d921.jpg,1
67a9524.jpg,3
67b0578.jpg,2
67b06b1.jpg,3
67caadb.jpg,1
67d9bb8.jpg,3
67e8608.jpg,1
67eb9ec.jpg,1
67fb7e1.jpg,2
6815a8b.jpg,4
6825dbb.jpg,3
68338c0.jpg,2
68373b5.jpg,2
6839f68.jpg,2
683f89d.jpg,1
6851470.jpg,4
68562e6.jpg,1
685cb03.jpg,2
6862308.jpg,2
686a7c9.jpg,2
6874630.jpg,2
688630d.jpg,3
688fef5.jpg,2
6892a7a.jpg,1
6892fa7.jpg,2
68a56d8.jpg,2
68a7396.jpg,3
68abfde.jpg,2
68afd03.jpg,4
68b0f6e.jpg,1
68c8926.jpg,2
68da8d1.jpg,1
6906aa0.jpg,3
69141aa.jpg,2
6915f6d.jpg,2
692d0a4.jpg,2
692fc30.jpg,1
6947f73.jpg,3
6949408.jpg,1
6954376.jpg,3
69586f7.jpg,2
695e0ee.jpg,2
695ee81.jpg,1
6969ee1.jpg,3
696f604.jpg,2
69787a6.jpg,3
697eb53.jpg,1
6980b99.jpg,3
698b935.jpg,2
698e8b9.jpg,3
69ae1cb.jpg,2
69c284b.jpg,3
69c3d5d.jpg,3
69e0742.jpg,1
69e0a69.jpg,2
69ebcb7.jpg,2
69fb363.jpg,1
6a01e51.jpg,1
6a02287.jpg,1
6a03cd9.jpg,3
6a078b1.jpg,2
6a0ec46.jpg,1
6a1083a.jpg,2
6a195ee.jpg,3
6a19794.jpg,2
6a1e432.jpg,3
6a50dbf.jpg,1
6a52620.jpg,1
6a527fb.jpg,3
6a6b274.jpg,3
6a9050d.jpg,4
6a9145a.jpg,2
6a98dda.jpg,3
6aa11d4.jpg,2
6aa2698.jpg,2
6abc07f.jpg,3
6abd5e8.jpg,1
6abfdd7.jpg,2
6ac28c1.jpg,3
6ad44cb.jpg,3
6ad461f.jpg,2
6af0a31.jpg,2
6b05dcf.jpg,1
6b1ba9e.jpg,2
6b25d02.jpg,3
6b272fe.jpg,3
6b5e931.jpg,1
6b6426f.jpg,2
6b84cd2.jpg,4
6b88e8c.jpg,2
6b9ad76.jpg,3
6bb17a5.jpg,2
6bbc505.jpg,1
6bbe5f1.jpg,2
6bd6c02.jpg,3
6be66c4.jpg,1
6be6b8c.jpg,1
6c01e7d.jpg,2
6c0a0d1.jpg,3
6c0deed.jpg,2
6c0f092.jpg,1
6c1ab42.jpg,3
6c25296.jpg,2
6c2bd59.jpg,3
6c31117.jpg,2
6c3b7d7.jpg,1
6c40a44.jpg,2
6c42e31.jpg,1
6c4e78f.jpg,1
6c51508.jpg,2
6c584c5.jpg,2
6c66216.jpg,2
6c6675c.jpg,3
6c6aa7f.jpg,1
6c7316f.jpg,3
6c743e3.jpg,1
6c7d590.jpg,4
6c948cf.jpg,3
6c989fb.jpg,1
6c9b151.jpg,2
6ca21b9.jpg,2
6ca5e65.jpg,3
6cabde6.jpg,2
6cb455f.jpg,3
6cc1845.jpg,2
6cd4036.jpg,4
6ce2c50.jpg,2
6ce5f9b.jpg,2
6d02a67.jpg,3
6d0aa4a.jpg,2
6d0d788.jpg,2
6d1289b.jpg,3
6d1f44e.jpg,1
6d24fe8.jpg,3
6d25618.jpg,3
6d304c8.jpg,2
6d333f7.jpg,2
6d42ca7.jpg,2
6d531b1.jpg,3
6d565e2.jpg,2
6d6a699.jpg,3
6d718bb.jpg,1
6d730a1.jpg,1
6d7b2ff.jpg,2
6d8ed1b.jpg,3
6d91d1e.jpg,2
6d9de9e.jpg,2
6da236c.jpg,3
6db9d86.jpg,2
6dc8457.jpg,3
6dccb65.jpg,3
6dd2770.jpg,2
6dd8e81.jpg,2
6dde2ac.jpg,3
6ded410.jpg,3
6e00609.jpg,2
6e00753.jpg,1
6e02600.jpg,1
6e0858d.jpg,1
6e123f8.jpg,2
6e1e7cb.jpg,2
6e20484.jpg,2
6e24c3d.jpg,2
6e3f40f.jpg,1
6e40f6b.jpg,3
6e54f74.jpg,2
6e54fd9.jpg,3
6e67de5.jpg,2
6e698d4.jpg,3
6e7d4d9.jpg,2
6e8b086.jpg,1
6e95401.jpg,2
6ea4ca9.jpg,2
6ec6acc.jpg,3
6ecce99.jpg,3
6ed0d46.jpg,3
6ee8ff5.jpg,1
6eea687.jpg,2
6ef11b2.jpg,2
6ef78d5.jpg,3
6ef9413.jpg,2
6ef9967.jpg,2
6efcbd4.jpg,3
6f10432.jpg,3
6f4ee7d.jpg,2
6f58a4b.jpg,2
6f62fda.jpg,3
6f6c8b5.jpg,1
6f6d401.jpg,2
6f7cd5b.jpg,2
6f96f34.jpg,2
6f99f5e.jpg,4
6fab2fb.jpg,2
6fb108e.jpg,2
6fb7bdf.jpg,3
6fbb8c4.jpg,2
6fcfd1a.jpg,3
6fd86cd.jpg,1
6fdf666.jpg,1
6ffe24a.jpg,2
7008360.jpg,3
70127f0.jpg,2
701748e.jpg,3
702c31d.jpg,4
70448b3.jpg,3
704a8ae.jpg,1
70620f9.jpg,3
70a25c8.jpg,3
70ad50e.jpg,3
70b72ea.jpg,3
70cba5c.jpg,3
70d9c0b.jpg,3
7100409.jpg,2
7103da5.jpg,2
7117d86.jpg,1
7133a51.jpg,4
713944a.jpg,1
713b3d9.jpg,1
715fcbf.jpg,1
7186240.jpg,1
71a09cd.jpg,3
71a344e.jpg,2
71a638a.jpg,3
71b8e92.jpg,1
71c4209.jpg,1
71d3832.jpg,1
71ecd2d.jpg,1
71eeb4c.jpg,2
71f0e8a.jpg,3
71faa43.jpg,1
7202a32.jpg,2
7208c47.jpg,3
7211ab3.jpg,3
7212bd8.jpg,2
7219569.jpg,1
7221c90.jpg,1
7223a21.jpg,3
7229f89.jpg,2
723bab2.jpg,3
723bc2e.jpg,3
7250b61.jpg,3
72517e8.jpg,3
725f986.jpg,1
7273621.jpg,1
727fbe5.jpg,1
729e50e.jpg,3
72b19fa.jpg,3
72bd5ea.jpg,3
72c0d05.jpg,2
72d17be.jpg,3
72d507b.jpg,3
72d98da.jpg,2
72da928.jpg,2
72dbc06.jpg,3
72dc9ba.jpg,2
72dd6be.jpg,3
72e4b6e.jpg,1
72e91f1.jpg,2
731c297.jpg,3
731d88b.jpg,1
734305a.jpg,4
7349e37.jpg,3
7360c51.jpg,2
7367bee.jpg,3
739bbac.jpg,2
73ad4aa.jpg,2
73ba950.jpg,2
73bc1f8.jpg,1
73c24cd.jpg,1
73c603c.jpg,2
73cb4e9.jpg,1
73ce86d.jpg,1
73e3a4b.jpg,2
73f91d5.jpg,2
7405a00.jpg,2
741bddb.jpg,2
741dcf3.jpg,3
745efda.jpg,2
7461cc6.jpg,3
746443b.jpg,1
74687e7.jpg,2
746a3d6.jpg,2
74707f2.jpg,2
74721a5.jpg,3
7473a71.jpg,2
74808ec.jpg,2
7490846.jpg,2
7491717.jpg,1
74978c1.jpg,2
74a109d.jpg,3
74a7a23.jpg,1
74aa0c5.jpg,3
74ade11.jpg,3
74c0aa4.jpg,2
74c2b84.jpg,2
74d06fc.jpg,1
74d4436.jpg,3
74ddc6c.jpg,3
74e0fcd.jpg,1
74e1590.jpg,2
74e54a5.jpg,3
74f442e.jpg,2
74faa9f.jpg,2
750564b.jpg,2
75067e8.jpg,3
7524c47.jpg,2
752f0f8.jpg,2
7530397.jpg,3
7540047.jpg,1
7543a95.jpg,2
754b98c.jpg,3
755522e.jpg,2
7555f54.jpg,1
755b171.jpg,3
7563e83.jpg,3
7581a79.jpg,2
7589ed0.jpg,2
758b2bf.jpg,2
758f4aa.jpg,2
759d041.jpg,1
759e541.jpg,2
75a1709.jpg,3
75ac11e.jpg,2
75b2c2c.jpg,2
75b722a.jpg,2
75ccf10.jpg,2
75dbd0d.jpg,3
75ecf55.jpg,3
75f6cbe.jpg,2
75f7469.jpg,3
75fe9de.jpg,1
7604cc5.jpg,2
760c67e.jpg,1
760c8db.jpg,3
7610dd9.jpg,1
7612145.jpg,3
76221c7.jpg,2
7639280.jpg,4
763a14d.jpg,2
7647926.jpg,2
76596d4.jpg,2
766616a.jpg,4
76807a8.jpg,3
768664b.jpg,3
76a65f6.jpg,2
76ada9f.jpg,2
76ee28f.jpg,1
76f7565.jpg,3
7707c7e.jpg,1
770f98b.jpg,1
77284a9.jpg,2
772c783.jpg,3
7734e2a.jpg,2
773dbfd.jpg,4
7741fe0.jpg,2
77490dc.jpg,3
775038d.jpg,3
777cef3.jpg,3
778788d.jpg,2
778aafc.jpg,2
778e746.jpg,3
77977fc.jpg,2
7798a96.jpg,1
77b71cd.jpg,3
77c8016.jpg,1
77c83d8.jpg,2
77d4125.jpg,2
77d4d8b.jpg,2
77e4e81.jpg,2
77e9ab3.jpg,2
77fc831.jpg,1
7807699.jpg,2
780cd58.jpg,2
7823641.jpg,3
783ad08.jpg,1
7844c28.jpg,2
784b06a.jpg,1
7856dd3.jpg,2
786c751.jpg,3
7876198.jpg,2
787ac53.jpg,1
78837fc.jpg,3
78997c9.jpg,2
78a2d53.jpg,4
78a86a9.jpg,2
78b21c2.jpg,2
78b51ec.jpg,3
78d9427.jpg,3
790f83a.jpg,2
79186a5.jpg,1
79208b2.jpg,2
794c73a.jpg,2
7957571.jpg,2
795b4a3.jpg,1
79648fa.jpg,1
796abf0.jpg,3
796d73b.jpg,2
79722b5.jpg,1
799443a.jpg,2
7997772.jpg,3
799c3a4.jpg,2
79caf43.jpg,3
79d0279.jpg,4
79d7882.jpg,2
79e08a1.jpg,2
79e4563.jpg,3
7a00976.jpg,3
7a00b78.jpg,2
7a015a1.jpg,3
7a1fba7.jpg,3
7a24878.jpg,3
7a37258.jpg,1
7a51b94.jpg,3
7a5df0b.jpg,2
7a6616a.jpg,3
7a6c3be.jpg,2
7a6ef12.jpg,2
7aaeb0b.jpg,2
7abb62f.jpg,2
7abed17.jpg,2
7abf5fc.jpg,3
7ac90a8.jpg,3
7ace623.jpg,1
7adf177.jpg,1
7ae92cb.jpg,3
7ae9659.jpg,1
7aef1ad.jpg,2
7af7abc.jpg,3
7b1e302.jpg,2
7b282d6.jpg,1
7b28891.jpg,2
7b31473.jpg,3
7b31be5.jpg,1
7b396e6.jpg,1
7b39cde.jpg,1
7b3cf49.jpg,1
7b473c4.jpg,2
7b551d6.jpg,2
7b59752.jpg,4
7b65d2e.jpg,3
7b65d41.jpg,1
7b7042d.jpg,2
7b7d5ef.jpg,3
7b7ed62.jpg,3
7b98486.jpg,2
7b9ae8c.jpg,1
7badec2.jpg,3
7baef0c.jpg,2
7bb7dc5.jpg,2
7bb9f38.jpg,2
7bbb7c6.jpg,1
7bd90b9.jpg,2
7bdba6f.jpg,2
7bdcd44.jpg,2
7bdf582.jpg,3
7beb99d.jpg,2
7bfbcac.jpg,4
7bff91d.jpg,1
7c16824.jpg,2
7c17a4a.jpg,2
7c297e3.jpg,2
7c3a679.jpg,3
7c4ab7b.jpg,2
7c5e584.jpg,2
7c6474b.jpg,2
7c730b5.jpg,2
7c7f158.jpg,2
7c8438b.jpg,2
7c8e4c5.jpg,3
7c90935.jpg,3
7c995c2.jpg,3
7c9fed9.jpg,2
7ca1d0b.jpg,3
7ca7d72.jpg,1
7cb4d67.jpg,3
7cbc0f3.jpg,3
7cbcee6.jpg,3
7cc4424.jpg,2
7cd7991.jpg,3
7ce7f10.jpg,2
7cfbbcc.jpg,4
7d07b03.jpg,2
7d07b86.jpg,2
7d0c353.jpg,3
7d0f510.jpg,1
7d126e6.jpg,1
7d40df3.jpg,1
7d47a0b.jpg,2
7d570e1.jpg,3
7d59c88.jpg,2
7d5a6cd.jpg,2
7d72570.jpg,3
7d981c5.jpg,2
7da0944.jpg,1
7da3d83.jpg,4
7dbd81f.jpg,2
7dc01d0.jpg,3
7dc09d7.jpg,1
7dc2ba8.jpg,1
7dcff34.jpg,2
7de7314.jpg,2
7e0d818.jpg,3
7e27cd8.jpg,3
7e325e2.jpg,2
7e34585.jpg,2
7e44579.jpg,3
7e45566.jpg,1
7e4ba31.jpg,3
7e52c6f.jpg,4
7e58dc9.jpg,4
7e6e850.jpg,1
7e76005.jpg,2
7e820d6.jpg,1
7e93c95.jpg,2
7e9c74a.jpg,2
7ecafca.jpg,2
7ef2a7c.jpg,3
7ef40fc.jpg,1
7efc7ea.jpg,1
7f04e28.jpg,1
7f0c351.jpg,2
7f28d84.jpg,2
7f2f418.jpg,4
7f3be11.jpg,3
7f3e8a1.jpg,1
7f42f6d.jpg,3
7f44f7f.jpg,3
7f57a21.jpg,3
7f697c6.jpg,1
7f8b999.jpg,2
7f9c8a2.jpg,2
7fa5eba.jpg,1
7fb53c9.jpg,2
7fb5cfc.jpg,1
7fc08e7.jpg,3
7fd44b1.jpg,4
7fdc6fa.jpg,2
7fe490b.jpg,3
7fe4ad1.jpg,3
7fed19f.jpg,2
7ffb5c5.jpg,1
7ffe52e.jpg,2
800016e.jpg,1
801bf06.jpg,3
8021084.jpg,2
802cea6.jpg,1
803e366.jpg,1
805eac5.jpg,1
80658b3.jpg,3
806cac6.jpg,1
806cd37.jpg,2
80752ff.jpg,2
8078d91.jpg,4
807ded4.jpg,2
808fa4e.jpg,2
8099626.jpg,2
80a905d.jpg,1
80ac65e.jpg,3
80c5371.jpg,4
80c666b.jpg,2
80c671d.jpg,3
80ccadc.jpg,2
80dcbbd.jpg,2
80e7c2d.jpg,2
80ec07d.jpg,1
80ec093.jpg,2
811f41c.jpg,2
81282b6.jpg,3
8128e16.jpg,2
8128fef.jpg,2
81403ec.jpg,3
81549ad.jpg,3
8155d29.jpg,1
816b01b.jpg,2
8175ad0.jpg,2
8176714.jpg,1
81803ef.jpg,2
8193e80.jpg,2
81a1d6c.jpg,1
81a5095.jpg,2
81b9422.jpg,2
81ba0e7.jpg,2
81de6b7.jpg,2
81f039b.jpg,2
81fb17b.jpg,1
8201178.jpg,3
8211401.jpg,2
822ef2b.jpg,1
823fe70.jpg,1
8242ba0.jpg,4
82469d0.jpg,3
8252577.jpg,3
8270f6b.jpg,1
827be4f.jpg,2
8281060.jpg,2
829702d.jpg,2
82a29b3.jpg,1
82abf39.jpg,2
82b12e7.jpg,3
82b6237.jpg,2
82c4bd3.jpg,2
82c5e47.jpg,3
82cd8f7.jpg,2
82f2457.jpg,1
830625c.jpg,3
8319581.jpg,3
832448a.jpg,1
8326411.jpg,2
833fbba.jpg,2
8357ab2.jpg,3
836ced3.jpg,2
836ff63.jpg,2
838ac47.jpg,1
838cd7a.jpg,2
838e39a.jpg,2
839090a.jpg,2
8391d85.jpg,2
8394909.jpg,2
83994a4.jpg,3
839d9db.jpg,1
83c38c2.jpg,3
83d5a6b.jpg,2
83e23ea.jpg,3
83f6db5.jpg,2
8411429.jpg,2
8412df9.jpg,1
84133eb.jpg,1
8414e6c.jpg,2
8418f5b.jpg,1
8421352.jpg,2
8437072.jpg,2
84528d8.jpg,2
846c2a2.jpg,3
84870a0.jpg,2
848b483.jpg,1
84a294c.jpg,3
84b84da.jpg,2
84bc023.jpg,2
84bc428.jpg,1
84c40f0.jpg,2
84d202b.jpg,1
84d47f8.jpg,2
84d7f4f.jpg,2
84dcb4a.jpg,2
84ed9ef.jpg,2
84ef2bb.jpg,3
84f8c48.jpg,2
84f928a.jpg,3
8531d2e.jpg,3
853bcba.jpg,2
8553a23.jpg,1
855ae90.jpg,2
856e1e3.jpg,2
85788f9.jpg,2
8583d04.jpg,2
858c461.jpg,1
8598065.jpg,4
85bb96c.jpg,2
85c1f5f.jpg,2
85c4f1a.jpg,2
85ccc87.jpg,1
85e4442.jpg,2
85e5f09.jpg,2
85eabc1.jpg,3
85f053b.jpg,2
85f2d53.jpg,3
86007ff.jpg,2
860f67f.jpg,2
8619258.jpg,2
862978f.jpg,2
86321fe.jpg,3
8639a89.jpg,2
8643e86.jpg,1
8644e6e.jpg,2
864d484.jpg,3
86672fb.jpg,2
8667994.jpg,3
867136a.jpg,1
8673664.jpg,1
868d285.jpg,2
8690794.jpg,3
8695732.jpg,1
86ab75c.jpg,2
86aefb8.jpg,3
86bca9b.jpg,2
86c38ed.jpg,1
86c5896.jpg,1
86d5dda.jpg,2
86fa18e.jpg,2
86fb735.jpg,1
8701794.jpg,3
870f5a4.jpg,1
87209c5.jpg,2
872b64a.jpg,3
8734e73.jpg,1
874645a.jpg,2
874c9df.jpg,2
874e832.jpg,1
87522a2.jpg,3
87525ca.jpg,2
876ee4b.jpg,1
8778ea0.jpg,2
8783c33.jpg,2
87a1831.jpg,2
87c0713.jpg,2
87d98b9.jpg,3
87dc46a.jpg,4
87dfdfc.jpg,2
87ee31f.jpg,1
87fae41.jpg,2
87fd65c.jpg,1
87fffff.jpg,1
8816d0d.jpg,2
8819d96.jpg,3
88232e1.jpg,3
8825f6a.jpg,1
8826bd9.jpg,3
882a79a.jpg,2
884c730.jpg,2
8857560.jpg,1
885d1dc.jpg,1
8868ba0.jpg,2
8876aa9.jpg,1
888f3b3.jpg,1
8897030.jpg,2
88a5cde.jpg,2
88b5f22.jpg,3
88c4a63.jpg,4
88c8427.jpg,1
88cc233.jpg,2
88d661c.jpg,3
88f228c.jpg,3
88f3fe7.jpg,2
88f7a5b.jpg,1
88fabe6.jpg,2
890dd57.jpg,2
8913c6f.jpg,2
892ccf7.jpg,2
89385df.jpg,3
894d71e.jpg,1
8952060.jpg,2
8955b11.jpg,3
895e140.jpg,2
895ff7b.jpg,3
8964c9a.jpg,2
89732e5.jpg,3
8975e8e.jpg,1
897f0f0.jpg,1
899b597.jpg,3
89a041e.jpg,2
89a0c22.jpg,1
89a74e7.jpg,3
89a7e9d.jpg,3
89aceae.jpg,3
89bd311.jpg,1
89c1070.jpg,2
89ceea7.jpg,1
89d4a2c.jpg,1
89d6455.jpg,2
89f2d68.jpg,3
8a06dc7.jpg,2
8a1d553.jpg,1
8a31db4.jpg,3
8a31faf.jpg,2
8a3244f.jpg,1
8a3f289.jpg,3
8a6111c.jpg,3
8a7368e.jpg,3
8a77f0e.jpg,2
8a7da89.jpg,2
8aa475f.jpg,3
8aad2aa.jpg,1
8acb403.jpg,1
8acbdf5.jpg,1
8ace617.jpg,3
8ae7415.jpg,3
8aebfe3.jpg,2
8af2b2a.jpg,2
8b09b25.jpg,3
8b1a525.jpg,1
8b1d9ba.jpg,3
8b224da.jpg,3
8b3e4d6.jpg,2
8b6059a.jpg,2
8b64432.jpg,1
8b67983.jpg,2
8b6ba11.jpg,2
8b6f8db.jpg,2
8b72740.jpg,1
8b7a2a7.jpg,3
8b83477.jpg,2
8b93508.jpg,1
8b9921b.jpg,2
8ba1eb4.jpg,3
8ba3f0f.jpg,2
8bacf39.jpg,2
8bad2a3.jpg,3
8bb5516.jpg,3
8bc5e41.jpg,2
8bd81ce.jpg,1
8be42bb.jpg,3
8be8471.jpg,2
8bf3d51.jpg,1
8bf41bf.jpg,2
8bfaccf.jpg,2
8c04aab.jpg,1
8c1c54b.jpg,2
8c24a74.jpg,2
8c3061e.jpg,2
8c3af36.jpg,3
8c3bb5d.jpg,1
8c49ff9.jpg,1
8c5ed73.jpg,3
8c79a67.jpg,3
8c7b712.jpg,2
8c84d2a.jpg,3
8c8d3d1.jpg,1
8c99fd8.jpg,3
8ca9d01.jpg,1
8cb30cc.jpg,2
8cd2856.jpg,1
8cd3cde.jpg,2
8cd8f5b.jpg,3
8cf0abd.jpg,2
8cf636e.jpg,1
8cf761f.jpg,2
8d07a73.jpg,2
8d369c9.jpg,2
8d3b6cf.jpg,1
8d43574.jpg,2
8d46873.jpg,3
8d4f24d.jpg,2
8d52bae.jpg,1
8d551d7.jpg,2
8d5f7a9.jpg,1
8d67be2.jpg,3
8d68de6.jpg,3
8d72054.jpg,1
8d7e8b1.jpg,3
8d87e41.jpg,3
8d895da.jpg,4
8d940f5.jpg,2
8d9792f.jpg,1
8da4989.jpg,3
8dae823.jpg,2
8db703a.jpg,1
8dc43a0.jpg,1
8dd6979.jpg,1
8de15dd.jpg,2
8ded656.jpg,3
8df3988.jpg,3
8df3d43.jpg,1
8dfcd9f.jpg,1
8e01e49.jpg,1
8e0d513.jpg,2
8e0fcf7.jpg,2
8e16f54.jpg,2
8e259ea.jpg,2
8e35413.jpg,1
8e386f6.jpg,3
8e46e77.jpg,1
8e52106.jpg,1
8e53178.jpg,1
8e5a94f.jpg,3
8e8d3c0.jpg,3
8e8da9f.jpg,1
8e9d722.jpg,3
8ea7acd.jpg,4
8eb5b87.jpg,3
8ebadc6.jpg,2
8ebc816.jpg,2
8ec5bd2.jpg,3
8ecabba.jpg,3
8ee35ce.jpg,2
8ef7180.jpg,3
8f02479.jpg,1
8f04d36.jpg,1
8f0f5a0.jpg,2
8f27d53.jpg,2
8f36b85.jpg,4
8f3fc55.jpg,3
8f424fe.jpg,1
8f44edb.jpg,2
8f492d2.jpg,2
8f4aca5.jpg,1
8f50025.jpg,1
8f56924.jpg,3
8f5caac.jpg,2
8f722a5.jpg,2
8f722f2.jpg,2
8f8701e.jpg,2
8fcb066.jpg,1
8fcc297.jpg,2
8fdc730.jpg,2
8fe6020.jpg,3
8fe8855.jpg,2
900e3fe.jpg,1
902bcf3.jpg,3
903bf2e.jpg,3
9056847.jpg,3
9075d29.jpg,3
907f1ba.jpg,2
9094675.jpg,4
909eeb1.jpg,2
90c4abe.jpg,1
90ce335.jpg,2
90cfbc5.jpg,2
90d430e.jpg,2
90e37a7.jpg,2
90e4fe7.jpg,2
9102d72.jpg,3
91270c9.jpg,3
912e792.jpg,2
9138a4f.jpg,2
9138c16.jpg,1
913be9a.jpg,2
913f986.jpg,2
913fa0d.jpg,3
914213a.jpg,2
9147a8d.jpg,2
9156855.jpg,3
9159a72.jpg,3
916f7ac.jpg,2
91702fa.jpg,2
9170da8.jpg,3
91739aa.jpg,2
917c650.jpg,2
91802a8.jpg,2
91acd9a.jpg,1
91b7031.jpg,1
91b8c3e.jpg,3
91c1163.jpg,2
9203dd2.jpg,3
920767b.jpg,3
9219fe4.jpg,4
923f40f.jpg,2
92431c7.jpg,3
9243291.jpg,2
9246156.jpg,3
92499a3.jpg,2
924a5d2.jpg,2
924c894.jpg,3
924e5af.jpg,2
924f4b8.jpg,1
925305b.jpg,1
9255ee7.jpg,2
927a12d.jpg,1
9281285.jpg,1
92865e2.jpg,4
929c064.jpg,3
92a90c7.jpg,3
92ab027.jpg,2
92b5191.jpg,2
92bcc4c.jpg,3
92ec6d2.jpg,2
92fe05b.jpg,1
9303b5c.jpg,1
930a44b.jpg,2
9316ba8.jpg,1
931d07f.jpg,3
931df25.jpg,3
9320f65.jpg,3
932fc73.jpg,2
9335159.jpg,1
93356ff.jpg,2
9336cfc.jpg,2
9348a36.jpg,1
93531d5.jpg,3
9355ab6.jpg,2
935fc5a.jpg,2
9360e71.jpg,3
9361989.jpg,1
9366b81.jpg,1
9368332.jpg,3
9368c79.jpg,2
938bf7a.jpg,3
939999f.jpg,4
939c2a6.jpg,3
93aafb4.jpg,3
93b0ffd.jpg,1
93b5b82.jpg,2
93b6f92.jpg,4
93bf66a.jpg,3
93d8e30.jpg,3
93db5c0.jpg,2
93dda31.jpg,2
93e44c0.jpg,1
940eeef.jpg,3
943aa00.jpg,2
944af83.jpg,2
944f10b.jpg,4
9452e1c.jpg,1
945cf93.jpg,2
945fc4b.jpg,2
946115c.jpg,2
946530c.jpg,3
94667e6.jpg,2
94891f8.jpg,3
948a898.jpg,2
94aff90.jpg,2
94b019e.jpg,2
94c485a.jpg,2
94cd1c8.jpg,2
94d670e.jpg,2
94d706e.jpg,2
94eeec2.jpg,4
9519c5c.jpg,3
9521f1b.jpg,2
9525fb0.jpg,2
952e5f1.jpg,1
9545812.jpg,3
9556906.jpg,2
9559a65.jpg,4
956094c.jpg,2
9573ce6.jpg,3
958d071.jpg,4
959af87.jpg,2
959c283.jpg,2
95a1be9.jpg,3
95b40a5.jpg,2
95b4424.jpg,1
95b7214.jpg,2
95ba48c.jpg,3
95c49d0.jpg,2
95d6699.jpg,1
95df231.jpg,1
9609c2a.jpg,1
961859f.jpg,1
961cb49.jpg,1
962214e.jpg,3
963c6db.jpg,3
96460bb.jpg,3
964d4a6.jpg,4
964e0ba.jpg,1
965b308.jpg,3
9662fd2.jpg,3
967fd18.jpg,3
968c34c.jpg,2
968dd53.jpg,2
96b8ae3.jpg,2
96b9c17.jpg,1
96ce1b3.jpg,3
96d075d.jpg,2
96ec5dd.jpg,2
971c229.jpg,3
971e19d.jpg,1
972103a.jpg,3
972125d.jpg,2
9724010.jpg,2
9738270.jpg,3
973c6d7.jpg,2
9743750.jpg,1
9746898.jpg,2
9749b58.jpg,2
975e5d9.jpg,2
976b67a.jpg,2
97834cb.jpg,3
9792df9.jpg,3
979c0b0.jpg,3
97a23cf.jpg,3
97bbcba.jpg,1
97ccafb.jpg,1
97e8d0d.jpg,3
97f4fa0.jpg,2
97f678e.jpg,2
9806f56.jpg,3
981db5b.jpg,2
982e404.jpg,2
983adc5.jpg,1
983d323.jpg,3
983f3f7.jpg,2
984c799.jpg,2
985cea4.jpg,2
985d5aa.jpg,1
985e112.jpg,3
986602e.jpg,1
98682ba.jpg,2
9871dc7.jpg,2
9875f2d.jpg,1
9885488.jpg,2
98890fe.jpg,4
988f773.jpg,2
9894cfc.jpg,2
98991bb.jpg,3
98c2d20.jpg,3
98cfcc2.jpg,4
9901417.jpg,1
990f987.jpg,2
99195a2.jpg,1
9925939.jpg,3
9934bbe.jpg,4
9934d3b.jpg,1
9937e8a.jpg,1
993e07b.jpg,1
994a534.jpg,1
994e66f.jpg,2
9960c76.jpg,3
99639cd.jpg,3
996f46b.jpg,3
9975e3c.jpg,1
997e17f.jpg,1
99a13e5.jpg,3
99b9bd5.jpg,3
99bf4b0.jpg,1
99c0135.jpg,3
99c2376.jpg,2
99d452e.jpg,1
99db287.jpg,1
99dfbdb.jpg,1
99f2764.jpg,2
99f33d6.jpg,3
9a07b74.jpg,3
9a1c15b.jpg,2
9a1df26.jpg,1
9a2d654.jpg,3
9a3a1e7.jpg,3
9a4535a.jpg,2
9a4856e.jpg,2
9a4b29e.jpg,2
9a4f665.jpg,3
9a5c02f.jpg,2
9a653bc.jpg,3
9a6cc11.jpg,3
9a7072d.jpg,2
9a7fe57.jpg,2
9a82efc.jpg,2
9a8f69f.jpg,1
9a9d599.jpg,3
9aaa3f2.jpg,2
9aacc76.jpg,4
9ab5137.jpg,3
9acc3d7.jpg,3
9adb660.jpg,2
9adb9ca.jpg,1
9af0e22.jpg,3
9af850c.jpg,1
9b0919e.jpg,2
9b0e562.jpg,3
9b1854a.jpg,2
9b25c0d.jpg,3
9b32ba2.jpg,3
9b35cb5.jpg,3
9b374c4.jpg,2
9b511b7.jpg,3
9b880ce.jpg,2
9ba0225.jpg,2
9bb717d.jpg,2
9bb96d9.jpg,2
9bc4937.jpg,3
9bc91e6.jpg,3
9bf6542.jpg,2
9bf97d7.jpg,2
9c103e5.jpg,4
9c1106a.jpg,2
9c1225f.jpg,2
9c25a72.jpg,2
9c3a9b0.jpg,1
9c40f2f.jpg,2
9c5ba95.jpg,2
9c65df7.jpg,2
9c6b051.jpg,3
9c7332b.jpg,3
9c75428.jpg,3
9c867d9.jpg,1
9c8fd7c.jpg,2
9c9621f.jpg,2
9ca49ab.jpg,3
9cbf068.jpg,1
9cc3516.jpg,2
9cc537c.jpg,1
9ccfe4e.jpg,1
9cdc586.jpg,3
9ce2bfa.jpg,1
9ced42f.jpg,2
9d07b0a.jpg,2
9d35f6a.jpg,2
9d3d86f.jpg,2
9d40429.jpg,2
9d40567.jpg,2
9d5a861.jpg,1
9d60372.jpg,3
9d82129.jpg,2
9d86b2a.jpg,1
9d8b561.jpg,2
9da2f95.jpg,1
9db3361.jpg,3
9dd3e01.jpg,3
9dd56f7.jpg,2
9ddacce.jpg,2
9de8959.jpg,3
9dec595.jpg,2
9deed58.jpg,1
9e01929.jpg,3
9e13a17.jpg,2
9e22d05.jpg,3
9e232f3.jpg,2
9e3eb77.jpg,1
9e64d70.jpg,2
9e7740a.jpg,3
9e79be4.jpg,1
9e81ffd.jpg,1
9e9ad22.jpg,3
9ea1aa9.jpg,3
9ebe77d.jpg,4
9ed149d.jpg,1
9ed2531.jpg,2
9ed4ba4.jpg,1
9ed9469.jpg,1
9ede0ba.jpg,4
9eeb72d.jpg,2
9ef2a30.jpg,2
9ef56b9.jpg,1
9f08854.jpg,2
9f15618.jpg,3
9f4ef37.jpg,2
9f62c7d.jpg,3
9f71569.jpg,2
9f7763c.jpg,2
9f80b65.jpg,1
9f86645.jpg,2
9f9e827.jpg,3
9faa7ac.jpg,2
9fabd44.jpg,1
9fb0c6e.jpg,2
9fd1ce1.jpg,2
9fd4525.jpg,2
9febeb9.jpg,1
a000c51.jpg,3
a00ab01.jpg,1
a015b6e.jpg,1
a0249a4.jpg,2
a027264.jpg,3
a037167.jpg,3
a067edf.jpg,3
a085e8b.jpg,1
a097366.jpg,2
a0b5d77.jpg,2
a0bdcb6.jpg,3
a0c0ad0.jpg,2
a0cd3c9.jpg,1
a0d5049.jpg,2
a0dd2ea.jpg,3
a0e1ae9.jpg,2
a0e6825.jpg,2
a0f2dfa.jpg,3
a0f699a.jpg,2
a108169.jpg,2
a114629.jpg,2
a1249d9.jpg,1
a12b107.jpg,2
a12ba40.jpg,2
a12eef6.jpg,1
a13a633.jpg,2
a144a4e.jpg,2
a14aa0d.jpg,1
a152a41.jpg,2
a15f8e7.jpg,2
a171b9f.jpg,3
a17b9eb.jpg,1
a17d518.jpg,2
a18f4d1.jpg,2
a19b432.jpg,2
a19c44a.jpg,2
a1a3958.jpg,2
a1ae4a0.jpg,2
a1afacf.jpg,4
a1c1ba9.jpg,3
a1c4642.jpg,1
a1d13fa.jpg,2
a1e9924.jpg,1
a1f2428.jpg,4
a1f40d5.jpg,1
a2019b3.jpg,3
a204c20.jpg,1
a205b78.jpg,2
a20f99e.jpg,1
a21d2e5.jpg,1
a22415a.jpg,3
a229d7f.jpg,4
a22d32f.jpg,2
a245c29.jpg,3
a259b04.jpg,1
a25e3ad.jpg,1
a25f135.jpg,3
a25f60a.jpg,2
a26afa7.jpg,2
a26c013.jpg,4
a29a972.jpg,2
a2be8b5.jpg,2
a2c9d31.jpg,3
a2d9c96.jpg,2
a2dc5c0.jpg,2
a2e8d45.jpg,2
a2f5708.jpg,2
a30e2e1.jpg,2
a316d3c.jpg,1
a32f6e0.jpg,3
a353a1c.jpg,3
a3631ff.jpg,2
a37f12b.jpg,2
a381186.jpg,2
a3848f8.jpg,4
a396614.jpg,2
a3ac2e4.jpg,1
a3c47bc.jpg,2
a3c4ec6.jpg,2
a3e4d42.jpg,3
a3e83f6.jpg,1
a3f8b2f.jpg,2
a40efee.jpg,2
a4185ec.jpg,2
a41d260.jpg,2
a4249dc.jpg,2
a438b48.jpg,2
a44d1c0.jpg,1
a452d90.jpg,2
a456155.jpg,2
a468e06.jpg,1
a46c540.jpg,3
a474945.jpg,3
a47704b.jpg,2
a47732c.jpg,3
a48b18b.jpg,1
a49ecf7.jpg,1
a4a0dc5.jpg,3
a4b712a.jpg,2
a4bb4a4.jpg,1
a4bf16f.jpg,2
a4c2b88.jpg,3
a4c5875.jpg,1
a4e13a3.jpg,2
a4e5ec5.jpg,1
a4f8c06.jpg,1
a50ac18.jpg,2
a50e36a.jpg,2
a52d1e7.jpg,4
a542ce8.jpg,2
a543b95.jpg,2
a543bbc.jpg,2
a54f864.jpg,2
a57be21.jpg,3
a5831b5.jpg,1
a5931e4.jpg,3
a59b0b6.jpg,2
a59e4b8.jpg,1
a59faf4.jpg,3
a5a4b72.jpg,2
a5a6460.jpg,2
a5b1024.jpg,2
a5b13dc.jpg,4
a5b24a7.jpg,2
a5b8b5b.jpg,3
a5bbe51.jpg,1
a5c3151.jpg,3
a5f318a.jpg,1
a5f6d6b.jpg,2
a6074c0.jpg,3
a622910.jpg,3
a627f44.jpg,1
a63867a.jpg,3
a6402b6.jpg,2
a66252e.jpg,1
a668464.jpg,4
a66e7d9.jpg,1
a678366.jpg,3
a68b8fb.jpg,3
a6975b4.jpg,1
a6a1f23.jpg,3
a6ac1b4.jpg,3
a6ac926.jpg,3
a6b0eb2.jpg,2
a6bf964.jpg,1
a6cc47d.jpg,4
a6d198d.jpg,1
a6db5f7.jpg,2
a6dd0db.jpg,2
a6e668c.jpg,1
a6ec8e1.jpg,2
a6fd97b.jpg,1
a70a490.jpg,2
a715c34.jpg,1
a7167a3.jpg,1
a733766.jpg,1
a7365d1.jpg,3
a7410c5.jpg,2
a7473f3.jpg,1
a747c31.jpg,2
a75e454.jpg,2
a7619c5.jpg,2
a776f9f.jpg,2
a7794aa.jpg,2
a77b1c5.jpg,2
a77ffa9.jpg,3
a793a3b.jpg,1
a797193.jpg,1
a798c82.jpg,3
a79c492.jpg,2
a7aff91.jpg,2
a7b118b.jpg,1
a7b14ac.jpg,1
a7c7d42.jpg,3
a7cde49.jpg,1
a7d653f.jpg,3
a7e5fa4.jpg,2
a7f3ac5.jpg,2
a7fdbc3.jpg,1
a7ff75e.jpg,2
a809e64.jpg,2
a80cc85.jpg,2
a810f72.jpg,3
a81b0ca.jpg,2
a81e06d.jpg,3
a824cdc.jpg,2
a84c22e.jpg,3
a84c738.jpg,1
a863356.jpg,4
a88641f.jpg,2
a89aa2f.jpg,2
a89c6ae.jpg,2
a8a54ec.jpg,3
a8a6466.jpg,3
a8aaa93.jpg,1
a8b6270.jpg,3
a8c3b14.jpg,3
a8d1f61.jpg,1
a8d6ef4.jpg,2
a8da6a9.jpg,3
a8dc8ca.jpg,2
a8f84e0.jpg,1
a8fcc43.jpg,2
a8fe7f5.jpg,2
a8ffa01.jpg,2
a9077ec.jpg,3
a90b0e4.jpg,3
a90bca4.jpg,2
a914adf.jpg,2
a917275.jpg,1
a919025.jpg,2
a91cea1.jpg,2
a92ea02.jpg,2
a932148.jpg,3
a9483d2.jpg,1
a95fa42.jpg,2
a976adb.jpg,2
a979af9.jpg,2
a996e6f.jpg,3
a99e3d9.jpg,2
a9ab897.jpg,2
a9c2366.jpg,1
a9c7fd3.jpg,2
a9cb6e1.jpg,1
a9d9a95.jpg,2
a9e8982.jpg,3
a9f744f.jpg,2
a9f796c.jpg,2
a9f7973.jpg,3
a9facc6.jpg,3
aa0d0c5.jpg,2
aa1c9f5.jpg,3
aa298d2.jpg,1
aa31a6b.jpg,2
aa3c798.jpg,3
aa467f6.jpg,3
aa4ba79.jpg,3
aa56c99.jpg,2
aaa333f.jpg,4
aaa82be.jpg,3
aaca0ba.jpg,2
aacfb6a.jpg,3
aad0a07.jpg,1
aaf1cc2.jpg,1
ab05c7c.jpg,3
ab1ff68.jpg,1
ab3a389.jpg,2
ab3ab32.jpg,2
ab3cba9.jpg,1
ab41d16.jpg,2
ab48e9a.jpg,2
ab52d24.jpg,2
ab67c28.jpg,3
ab92630.jpg,3
ab98b1b.jpg,2
abaca5e.jpg,3
abf0a99.jpg,2
ac0020d.jpg,2
ac0c7dc.jpg,2
ac113f7.jpg,3
ac12e50.jpg,1
ac1e24e.jpg,1
ac2d117.jpg,2
ac2e8d6.jpg,1
ac3e0eb.jpg,2
ac51e46.jpg,2
ac588da.jpg,3
ac5a819.jpg,1
ac7128b.jpg,3
ac80e3b.jpg,2
ac818ec.jpg,2
ac8776b.jpg,3
ac95af4.jpg,3
aca1c60.jpg,2
aca829e.jpg,3
acae344.jpg,3
acbb85c.jpg,3
acf6ff3.jpg,1
acfb940.jpg,2
ad07d6c.jpg,4
ad1011c.jpg,4
ad117f7.jpg,2
ad27f0d.jpg,3
ad4e3e7.jpg,1
ad53832.jpg,4
ad6ff4c.jpg,3
ad945d5.jpg,2
adc0d4b.jpg,3
adcb5f6.jpg,3
add4875.jpg,4
add9b0f.jpg,3
ade4887.jpg,2
ade61a0.jpg,3
adeb329.jpg,2
adeda80.jpg,3
adf72bf.jpg,3
ae1799a.jpg,3
ae3517d.jpg,1
ae36c08.jpg,1
ae47f2b.jpg,2
ae51b05.jpg,2
ae7a06d.jpg,3
ae89301.jpg,4
ae89b56.jpg,2
ae9288f.jpg,2
aea7b53.jpg,2
aec6035.jpg,2
aecee11.jpg,3
aed31c2.jpg,2
aee1ec2.jpg,1
aee87f2.jpg,1
aeef103.jpg,3
aef42dc.jpg,2
aef854f.jpg,4
aefab1c.jpg,1
af063b0.jpg,2
af0b8b5.jpg,3
af0e4f2.jpg,3
af180ae.jpg,4
af268be.jpg,3
af27e02.jpg,3
af408e8.jpg,2
af4d36b.jpg,1
af549ea.jpg,3
af5615a.jpg,3
af61ae7.jpg,3
af650ad.jpg,2
af74d6f.jpg,2
af7860f.jpg,2
af89c90.jpg,1
af8a229.jpg,2
af8df0d.jpg,4
af9bb8e.jpg,2
afbe855.jpg,3
afd3da4.jpg,1
afd55fb.jpg,2
afe8737.jpg,3
aff529b.jpg,2
affb040.jpg,2
b01847b.jpg,1
b019e9a.jpg,1
b01c91f.jpg,4
b02ca28.jpg,4
b0347e4.jpg,3
b0422d7.jpg,2
b048666.jpg,3
b048dd2.jpg,3
b049293.jpg,3
b066cf5.jpg,3
b06cf02.jpg,2
b07e554.jpg,3
b07ed28.jpg,3
b085f55.jpg,1
b092cc1.jpg,2
b09b94a.jpg,1
b0bbd2c.jpg,1
b0bd415.jpg,2
b0ec298.jpg,2
b0f008a.jpg,3
b0f27b0.jpg,1
b10deb0.jpg,2
b11e1b1.jpg,1
b13672c.jpg,2
b1525ca.jpg,2
b1666ef.jpg,3
b16da85.jpg,2
b181990.jpg,1
b181a48.jpg,3
b1935e3.jpg,1
b19c0e4.jpg,2
b1a41ac.jpg,1
b1a658e.jpg,1
b1b36b5.jpg,3
b1b7161.jpg,1
b1d23ca.jpg,1
b1d4f8c.jpg,2
b1e6774.jpg,2
b1e9bd5.jpg,3
b1efc9e.jpg,3
b1f18cf.jpg,2
b203ff3.jpg,2
b2097d0.jpg,1
b211e2d.jpg,1
b21394c.jpg,2
b21b084.jpg,3
b23a364.jpg,1
b241189.jpg,2
b24b4f6.jpg,4
b2503a7.jpg,2
b2679b2.jpg,2
b27759f.jpg,2
b2834ac.jpg,3
b28b778.jpg,3
b2b5a89.jpg,1
b2baf6f.jpg,2
b2d1307.jpg,1
b2d1e73.jpg,2
b2d4bed.jpg,2
b2e98d5.jpg,3
b30479e.jpg,2
b30a770.jpg,3
b31d298.jpg,3
b32aa35.jpg,2
b3411a2.jpg,2
b34d791.jpg,2
b34e1da.jpg,2
b3535f9.jpg,1
b359c1b.jpg,1
b370149.jpg,2
b37109a.jpg,1
b3896c1.jpg,2
b38dcd4.jpg,2
b38f975.jpg,1
b398a67.jpg,2
b39bc51.jpg,2
b39eedc.jpg,2
b39fa2a.jpg,3
b3a5853.jpg,1
b3c509a.jpg,1
b3ca98d.jpg,2
b3cc504.jpg,1
b3de8d1.jpg,3
b3e0e2c.jpg,1
b3f284b.jpg,1
b3f4a62.jpg,3
b4063d3.jpg,3
b40a361.jpg,2
b41c67d.jpg,2
b42e1da.jpg,3
b432951.jpg,3
b43fa7e.jpg,3
b455e31.jpg,2
b4581bf.jpg,3
b459168.jpg,3
b45a30d.jpg,2
b45dfc5.jpg,2
b4609a0.jpg,3
b496fcb.jpg,2
b49c373.jpg,2
b4a66a9.jpg,3
b4c8bbc.jpg,2
b4e1d3a.jpg,2
b4e2507.jpg,4
b502862.jpg,2
b526b15.jpg,2
b53c22a.jpg,2
b53dbb6.jpg,3
b54007a.jpg,1
b543ec3.jpg,3
b546d12.jpg,3
b548fa2.jpg,1
b570e82.jpg,1
b571451.jpg,2
b581e41.jpg,1
b5908da.jpg,2
b59cd45.jpg,2
b5a8374.jpg,3
b5a981c.jpg,3
b5d511c.jpg,2
b5e28ed.jpg,2
b5e66bc.jpg,1
b5eb2a5.jpg,2
b5f39d9.jpg,1
b601e0c.jpg,2
b60ca64.jpg,2
b626557.jpg,3
b64ca83.jpg,2
b6509bf.jpg,1
b651323.jpg,2
b657af6.jpg,1
b65b068.jpg,1
b66078f.jpg,3
b66217b.jpg,3
b6829bf.jpg,2
b693f01.jpg,2
b694de6.jpg,2
b6a226f.jpg,2
b6b3c1b.jpg,2
b6b6289.jpg,3
b6cd71a.jpg,2
b6d3475.jpg,3
b6d428b.jpg,4
b6e0b60.jpg,4
b6e8a81.jpg,1
b6ec4b9.jpg,2
b702da6.jpg,3
b710d67.jpg,3
b7170ce.jpg,3
b7193d2.jpg,1
b720db3.jpg,1
b729436.jpg,1
b734fad.jpg,2
b7480ac.jpg,2
b74cc2c.jpg,2
b7524d5.jpg,3
b75d58f.jpg,1
b75eeac.jpg,3
b7650ff.jpg,2
b765c2d.jpg,2
b76659c.jpg,3
b774b3a.jpg,2
b78b1fe.jpg,2
b796b5f.jpg,3
b799983.jpg,2
b7b34fd.jpg,1
b7cabc8.jpg,1
b7cb59a.jpg,3
b7ddb22.jpg,3
b7e3aba.jpg,1
b7f1f9a.jpg,2
b7fea00.jpg,2
b829bfa.jpg,3
b83cb62.jpg,2
b83d4f1.jpg,4
b84aed5.jpg,3
b84f125.jpg,1
b866f7f.jpg,2
b8810ca.jpg,1
b88a209.jpg,2
b88c218.jpg,3
b893899.jpg,2
b8954d6.jpg,2
b895a74.jpg,2
b897fda.jpg,1
b89964a.jpg,3
b8add71.jpg,3
b8c9c50.jpg,1
b8cbd9c.jpg,2
b8d6fb2.jpg,1
b8f5fa9.jpg,1
b8f9a9d.jpg,1
b8ffe62.jpg,2
b90650d.jpg,3
b90ed50.jpg,2
b9145ee.jpg,1
b9169aa.jpg,2
b917f16.jpg,1
b9345a6.jpg,2
b93a195.jpg,1
b9425c3.jpg,2
b950787.jpg,1
b977433.jpg,2
b981995.jpg,4
b98259c.jpg,3
b991088.jpg,1
b99670d.jpg,3
b9a909a.jpg,1
b9afb50.jpg,3
b9b9f2e.jpg,2
b9c0279.jpg,4
b9da754.jpg,3
b9e4006.jpg,2
ba08197.jpg,3
ba28829.jpg,4
ba46550.jpg,3
ba47493.jpg,3
ba6522b.jpg,3
ba6bf9a.jpg,1
ba759b2.jpg,2
ba873e1.jpg,2
ba8e58f.jpg,2
ba92824.jpg,2
bab8aba.jpg,1
bac4f42.jpg,2
bacd6fe.jpg,1
badb8f3.jpg,2
bae0cef.jpg,2
bae97cb.jpg,3
baee301.jpg,4
bafa18d.jpg,3
bb09fd9.jpg,2
bb15328.jpg,1
bb178a3.jpg,3
bb31239.jpg,2
bb3a70f.jpg,2
bb40421.jpg,2
bb4d4fa.jpg,1
bb62c4a.jpg,2
bb68923.jpg,3
bb6a29c.jpg,4
bb75314.jpg,1
bb75fec.jpg,1
bb81b7b.jpg,1
bb83655.jpg,1
bb83851.jpg,3
bbb65e0.jpg,1
bbc8ec3.jpg,3
bbcda2d.jpg,2
bbd2907.jpg,2
bbde96d.jpg,2
bbe95f1.jpg,3
bbea5f7.jpg,3
bbeae78.jpg,2
bbec1a5.jpg,2
bbf0cf8.jpg,3
bbfc670.jpg,2
bc12ca1.jpg,4
bc3f6f9.jpg,3
bc40735.jpg,3
bc437e0.jpg,1
bc79c87.jpg,3
bc9e8be.jpg,1
bcac265.jpg,1
bcb0c6e.jpg,1
bcb1a8e.jpg,3
bcb5d35.jpg,1
bcfb055.jpg,1
bd001b3.jpg,1
bd04da5.jpg,3
bd14fc5.jpg,3
bd47a48.jpg,2
bd5743b.jpg,2
bd62341.jpg,3
bd624da.jpg,3
bd7a947.jpg,1
bdbb6c0.jpg,1
bdbc6c6.jpg,3
bdbce0f.jpg,1
bdd2fe5.jpg,2
bde641b.jpg,4
bdf4c34.jpg,1
bdfdc01.jpg,1
be0540d.jpg,2
be098b9.jpg,3
be123d6.jpg,3
be1c45f.jpg,2
be4ba4e.jpg,2
be4c586.jpg,1
be72ff8.jpg,2
be7908a.jpg,2
be7940e.jpg,2
be7fc9d.jpg,2
be7fe4e.jpg,4
be9ef65.jpg,3
bebfe0b.jpg,2
bec225e.jpg,2
bed08ae.jpg,3
bee421c.jpg,2
bee51d1.jpg,2
beee85b.jpg,3
bef3354.jpg,3
bf03623.jpg,2
bf0a72d.jpg,1
bf191a9.jpg,2
bf287e6.jpg,3
bf28fa6.jpg,2
bf2ec4a.jpg,2
bf6073a.jpg,2
bf64e04.jpg,1
bf68101.jpg,2
bfabecc.jpg,3
bfd334c.jpg,3
bfdb6f0.jpg,2
bfede5c.jpg,2
bff40b5.jpg,2
c0306e5.jpg,1
c036705.jpg,1
c044e1e.jpg,3
c04cc3a.jpg,1
c05a932.jpg,1
c05f7d3.jpg,1
c06322b.jpg,1
c06c8c1.jpg,3
c075eaa.jpg,3
c086169.jpg,2
c08b5f6.jpg,2
c0952e5.jpg,3
c0a6d2d.jpg,3
c0b739b.jpg,2
c0b77e6.jpg,1
c0c8d52.jpg,2
c0d5a4c.jpg,1
c0d8f0e.jpg,3
c0dadad.jpg,4
c0dbe22.jpg,3
c0e4f98.jpg,3
c0e8a09.jpg,1
c0e8adb.jpg,1
c0eea70.jpg,1
c142934.jpg,3
c1542ef.jpg,3
c16fbda.jpg,2
c17019f.jpg,2
c1748a5.jpg,2
c19a49a.jpg,2
c1a1352.jpg,2
c1a3d8e.jpg,1
c1a903b.jpg,1
c1add1c.jpg,1
c1b7cd4.jpg,3
c1c05ec.jpg,1
c1e251e.jpg,2
c1e6ff8.jpg,3
c200cce.jpg,2
c206b30.jpg,1
c20fc81.jpg,1
c212a60.jpg,2
c21d0bd.jpg,2
c22a768.jpg,2
c22cfa7.jpg,3
c237874.jpg,2
c237a46.jpg,1
c244100.jpg,2
c24c229.jpg,1
c24d1e4.jpg,3
c24df7c.jpg,4
c257c18.jpg,3
c25d3dc.jpg,3
c264644.jpg,1
c26c635.jpg,3
c289c5e.jpg,2
c29ba22.jpg,3
c29f82d.jpg,2
c2a3263.jpg,2
c2ad0d8.jpg,2
c2c1b0b.jpg,3
c2c291f.jpg,3
c2cbaef.jpg,3
c2d6459.jpg,1
c2d6a30.jpg,3
c2d77ea.jpg,1
c2e3840.jpg,3
c2e72a5.jpg,3
c2f4b0b.jpg,2
c300508.jpg,2
c3014c1.jpg,3
c3035f0.jpg,3
c305390.jpg,2
c314807.jpg,1
c3161e7.jpg,2
c31fef1.jpg,3
c329bfc.jpg,1
c32bfd6.jpg,2
c333a18.jpg,2
c33a114.jpg,3
c33e62c.jpg,3
c357a55.jpg,3
c36bb88.jpg,4
c382f3e.jpg,1
c38a9aa.jpg,2
c390eb1.jpg,1
c3d1d3b.jpg,3
c3d3554.jpg,1
c3d60e6.jpg,1
c3e1068.jpg,2
c3e5b8d.jpg,2
c3ea016.jpg,1
c3ecc72.jpg,2
c3f4182.jpg,3
c3fc59b.jpg,1
c3fcfa7.jpg,2
c401cc0.jpg,3
c41b55a.jpg,1
c41b806.jpg,3
c42179b.jpg,2
c465c2e.jpg,3
c46d59f.jpg,3
c46fe67.jpg,3
c47989f.jpg,1
c48b14a.jpg,3
c48ba6b.jpg,3
c48ce61.jpg,1
c490423.jpg,2
c495347.jpg,3
c4a80c1.jpg,2
c4a85f0.jpg,2
c4aae24.jpg,2
c4b18a0.jpg,2
c4c7b06.jpg,3
c4d38d7.jpg,4
c4eb696.jpg,3
c4ef61e.jpg,2
c500101.jpg,2
c51d959.jpg,1
c51fd3f.jpg,1
c524c35.jpg,1
c52a85f.jpg,3
c52d005.jpg,3
c54d2ef.jpg,1
c55412b.jpg,3
c555ed0.jpg,2
c572bb6.jpg,2
c5753c1.jpg,2
c5764a8.jpg,3
c5796f9.jpg,2
c596809.jpg,2
c59bef7.jpg,2
c59f16d.jpg,3
c5b7850.jpg,3
c5b8987.jpg,3
c5bbf71.jpg,1
c5c0133.jpg,3
c5c83d4.jpg,2
c5d4d6f.jpg,2
c604fd1.jpg,2
c62a389.jpg,1
c62eadf.jpg,1
c647f73.jpg,1
c651b18.jpg,1
c657cd5.jpg,2
c65a8be.jpg,2
c661a22.jpg,2
c668eea.jpg,2
c6740c3.jpg,2
c67c674.jpg,2
c67f808.jpg,4
c687792.jpg,1
c6a5bcc.jpg,1
c6b1b36.jpg,1
c6d1339.jpg,3
c6d834b.jpg,4
c6e4f76.jpg,3
c6e5c16.jpg,2
c6e9f34.jpg,3
c6f8044.jpg,2
c6ffcca.jpg,2
c70db55.jpg,3
c71b0dc.jpg,3
c72878d.jpg,2
c72db3e.jpg,2
c73011e.jpg,2
c73913d.jpg,3
c73ed01.jpg,2
c73f63c.jpg,2
c74feec.jpg,1
c750336.jpg,1
c756fbb.jpg,3
c76ae41.jpg,2
c76cd67.jpg,4
c76ceb3.jpg,2
c76d9e7.jpg,1
c794e33.jpg,2
c798a33.jpg,2
c7bfd1b.jpg,1
c7d28ff.jpg,4
c7e8606.jpg,3
c7e898c.jpg,3
c7f606d.jpg,2
c806973.jpg,3
c806fcf.jpg,3
c824789.jpg,2
c843923.jpg,2
c855260.jpg,3
c8587df.jpg,3
c867ea2.jpg,2
c86e7ef.jpg,2
c879c04.jpg,3
c87b0ff.jpg,2
c88b02e.jpg,3
c894cdb.jpg,1
c8aeed6.jpg,2
c8c0269.jpg,3
c8c160f.jpg,3
c8d7934.jpg,2
c8d92de.jpg,2
c8ddcba.jpg,3
c8e7267.jpg,3
c908a85.jpg,3
c916358.jpg,2
c91e76c.jpg,2
c91f434.jpg,2
c92f585.jpg,3
c930881.jpg,2
c938483.jpg,1
c946be2.jpg,3
c94cf48.jpg,3
c94eb3d.jpg,3
c95c348.jpg,1
c9629d8.jpg,3
c979551.jpg,3
c97ad51.jpg,2
c988159.jpg,1
c98dd56.jpg,1
c99174f.jpg,1
c99e8d3.jpg,3
c9a1a80.jpg,3
c9aac6d.jpg,1
c9af416.jpg,1
c9b2f77.jpg,1
c9d15e3.jpg,1
c9de61b.jpg,1
c9e7adc.jpg,2
c9f1562.jpg,2
c9f9727.jpg,2
ca26911.jpg,2
ca35354.jpg,2
ca3ba18.jpg,2
ca55976.jpg,1
ca5f1c6.jpg,1
ca6b9c5.jpg,3
ca764be.jpg,1
ca7dbfa.jpg,3
ca8c191.jpg,3
caa0cf1.jpg,4
cabd615.jpg,2
cac37e0.jpg,3
cac8b10.jpg,3
caca269.jpg,3
cad9033.jpg,2
cadeff2.jpg,3
caf3077.jpg,2
cb40eee.jpg,2
cb51f4b.jpg,2
cb55d50.jpg,1
cb69eaf.jpg,1
cb6af0a.jpg,1
cb85236.jpg,2
cb9f77b.jpg,1
cbab082.jpg,2
cbaf05b.jpg,2
cbb861f.jpg,2
cbba8f4.jpg,2
cbc3fb8.jpg,3
cbc45f3.jpg,3
cbd6a81.jpg,3
cbde746.jpg,3
cbea58c.jpg,3
cbfdf11.jpg,2
cc10d21.jpg,1
cc1bc90.jpg,2
cc1c876.jpg,1
cc1d83b.jpg,2
cc2ae3f.jpg,2
cc3574f.jpg,3
cc3f312.jpg,3
cc475c4.jpg,3
cc60597.jpg,2
cc61cfb.jpg,2
cc6c92d.jpg,2
cc768f0.jpg,4
cc8146c.jpg,2
cc841a2.jpg,2
cc8c139.jpg,3
cc96a24.jpg,2
cc9758f.jpg,4
cc995fc.jpg,2
cca407c.jpg,4
cca52fe.jpg,3
ccac830.jpg,2
ccae568.jpg,1
ccafdde.jpg,3
ccb8354.jpg,3
ccbadef.jpg,3
ccbd475.jpg,2
ccc1598.jpg,2
ccc2e9c.jpg,2
cce531c.jpg,1
ccff999.jpg,2
ccfff5f.jpg,2
cd29cec.jpg,1
cd3ad22.jpg,2
cd40ced.jpg,2
cd506f6.jpg,2
cd564f5.jpg,1
cd617d7.jpg,2
cd6b11d.jpg,2
cd6b401.jpg,3
cd785d7.jpg,1
cd807f8.jpg,4
cd83e4b.jpg,2
cd85660.jpg,1
cd97abb.jpg,3
cda6e57.jpg,3
cdc3743.jpg,4
cdc7c95.jpg,1
cdecfea.jpg,2
cdf2346.jpg,3
cdf7242.jpg,4
cdfc333.jpg,3
ce0041a.jpg,3
ce05fe6.jpg,1
ce0e3d9.jpg,2
ce3417f.jpg,2
ce3fd89.jpg,1
ce69a99.jpg,2
ce6a45a.jpg,2
ce6d44a.jpg,4
ce6fb99.jpg,1
ce711cd.jpg,2
ce74231.jpg,2
ce77cc1.jpg,3
ce9766a.jpg,2
cea2726.jpg,1
ceaec70.jpg,3
ceb9961.jpg,3
ced423c.jpg,2
cedb181.jpg,3
cee4619.jpg,1
cf2b4b7.jpg,1
cf38b60.jpg,2
cf42914.jpg,3
cf479d7.jpg,4
cf4a9f0.jpg,2
cf5688e.jpg,2
cf5dd82.jpg,2
cf629fe.jpg,2
cf64cf7.jpg,3
cf773d5.jpg,1
cf7b3f7.jpg,1
cfa348b.jpg,2
cff5747.jpg,1
d00031e.jpg,2
d0009cd.jpg,3
d00fef2.jpg,1
d013d78.jpg,1
d0153c6.jpg,3
d0154ad.jpg,2
d0242f1.jpg,3
d02ad72.jpg,1
d02d349.jpg,2
d02e8ef.jpg,1
d0325e9.jpg,2
d03df83.jpg,1
d0608b2.jpg,2
d06e7ea.jpg,2
d08612f.jpg,2
d087b7b.jpg,2
d09d147.jpg,4
d0a8771.jpg,3
d0b50ef.jpg,3
d0d6302.jpg,3
d0dcfc2.jpg,2
d0e6d99.jpg,1
d0e78d8.jpg,2
d0f048a.jpg,1
d0f3324.jpg,3
d0ff4b5.jpg,2
d115f7d.jpg,2
d1384a4.jpg,2
d148efe.jpg,2
d17673e.jpg,2
d179c14.jpg,1
d17c740.jpg,2
d17c9aa.jpg,1
d1820b5.jpg,1
d19d9f9.jpg,2
d1a6edc.jpg,2
d1aeb17.jpg,1
d1b5709.jpg,2
d1c0f8b.jpg,2
d1c9dbc.jpg,2
d1cfeb2.jpg,3
d1e73a2.jpg,2
d2041d7.jpg,2
d214f7a.jpg,2
d219e5a.jpg,2
d21b166.jpg,2
d22878c.jpg,2
d22eb33.jpg,2
d22eb8a.jpg,1
d239cc1.jpg,2
d24e67f.jpg,4
d25d1fb.jpg,2
d265d38.jpg,1
d27e37b.jpg,2
d29a30a.jpg,2
d2a42ee.jpg,1
d2a540d.jpg,3
d2b4399.jpg,1
d2b72aa.jpg,1
d2c4532.jpg,1
d2c5a99.jpg,1
d2e0f14.jpg,1
d2e7aa7.jpg,1
d2eb9fe.jpg,4
d314a09.jpg,1
d31a7e8.jpg,3
d31af98.jpg,1
d31f11f.jpg,1
d32bb8c.jpg,1
d32d131.jpg,2
d33a8e2.jpg,2
d34eeaa.jpg,2
d35d04f.jpg,1
d36b6d0.jpg,2
d391aba.jpg,1
d396efb.jpg,2
d3998ec.jpg,1
d3ab064.jpg,2
d3abb3a.jpg,2
d3cc177.jpg,1
d3ce19b.jpg,3
d3cee5d.jpg,3
d3dfa34.jpg,1
d3e7f2e.jpg,3
d3f605d.jpg,3
d3fae91.jpg,1
d4115fc.jpg,3
d412278.jpg,2
d426568.jpg,4
d43600c.jpg,1
d43fbf7.jpg,2
d441a18.jpg,2
d4437b2.jpg,1
d44935d.jpg,2
d45e613.jpg,2
d464108.jpg,1
d46b285.jpg,2
d46c245.jpg,2
d47beec.jpg,3
d4a3c2b.jpg,2
d4a9c38.jpg,3
d4c42e7.jpg,2
d4cb5ac.jpg,3
d4d2542.jpg,3
d4e1195.jpg,2
d519943.jpg,1
d520637.jpg,3
d52a228.jpg,2
d53085f.jpg,2
d543bde.jpg,1
d5519b0.jpg,3
d553000.jpg,2
d56d6d3.jpg,3
d578db5.jpg,1
d58379d.jpg,1
d59998b.jpg,3
d5a17de.jpg,1
d5a6430.jpg,2
d5afb95.jpg,3
d5c0ce6.jpg,2
d5c3f29.jpg,1
d5ec889.jpg,1
d5f6df8.jpg,2
d5fc477.jpg,2
d60352a.jpg,2
d61faff.jpg,1
d63531b.jpg,2
d635df8.jpg,2
d63c44f.jpg,2
d64306d.jpg,3
d66266c.jpg,3
d675960.jpg,2
d67c7be.jpg,3
d69a57e.jpg,3
d69f49f.jpg,2
d6a057a.jpg,2
d6a49aa.jpg,2
d6e82c0.jpg,2
d6f2c31.jpg,2
d6f4f97.jpg,4
d6fd62e.jpg,3
d707cef.jpg,2
d71a565.jpg,2
d73a559.jpg,2
d741260.jpg,2
d744e88.jpg,1
d74517a.jpg,2
d746b58.jpg,1
d7591b4.jpg,3
d75fa24.jpg,2
d761201.jpg,2
d7638eb.jpg,2
d770487.jpg,3
d779938.jpg,2
d77a027.jpg,3
d77c2bf.jpg,1
d7a574a.jpg,3
d7bb47f.jpg,2
d7c4b30.jpg,2
d7ddcb8.jpg,2
d7f7943.jpg,2
d819d94.jpg,2
d81b38d.jpg,2
d821c94.jpg,2
d8225a3.jpg,2
d826b89.jpg,3
d82aebf.jpg,1
d833a68.jpg,1
d836ac5.jpg,2
d84a0d8.jpg,2
d84c2b3.jpg,3
d84db76.jpg,2
d86d882.jpg,1
d873cd8.jpg,3
d87c848.jpg,3
d8a0a70.jpg,1
d8a17b7.jpg,1
d8b72f8.jpg,1
d8b7bcc.jpg,2
d8bdc04.jpg,3
d8cdb15.jpg,4
d8e6f12.jpg,3
d909014.jpg,1
d90e620.jpg,2
d911122.jpg,1
d9152f3.jpg,1
d920035.jpg,2
d92fd9b.jpg,4
d93502b.jpg,2
d9433e5.jpg,3
d943bba.jpg,2
d9844c0.jpg,1
d9949bd.jpg,2
d9989e9.jpg,1
d9a478b.jpg,1
d9a7608.jpg,2
d9b3608.jpg,2
d9bc3a5.jpg,1
d9c4b0b.jpg,2
d9c53a7.jpg,1
d9c6728.jpg,2
d9d225f.jpg,2
d9d8dda.jpg,2
d9dd36e.jpg,2
d9e3cf4.jpg,2
d9e923d.jpg,3
d9f3a39.jpg,1
da050f3.jpg,3
da0d544.jpg,1
da13a8f.jpg,2
da1dd3f.jpg,2
da27960.jpg,3
da2bcca.jpg,2
da2e895.jpg,2
da43152.jpg,2
da4b276.jpg,2
da4bf4c.jpg,2
da5b018.jpg,2
da6473a.jpg,1
da918d4.jpg,2
daa66ca.jpg,1
dab3dd1.jpg,1
daba9e1.jpg,3
dacc798.jpg,1
dacec90.jpg,2
dad44e0.jpg,1
dadcce8.jpg,2
dade081.jpg,1
db00f19.jpg,4
db06c8a.jpg,4
db0a057.jpg,3
db0b342.jpg,2
db36366.jpg,2
db4030a.jpg,2
db483a2.jpg,3
db593d3.jpg,2
db5a703.jpg,2
db6052a.jpg,2
db6272a.jpg,2
dba3b3c.jpg,3
dbb07a3.jpg,1
dbb6dea.jpg,1
dbd45d8.jpg,3
dbe7fef.jpg,1
dbea334.jpg,1
dbec899.jpg,1
dbf216b.jpg,2
dbf939c.jpg,2
dbfb770.jpg,1
dc09c29.jpg,1
dc124af.jpg,4
dc1366a.jpg,2
dc297df.jpg,3
dc307b2.jpg,3
dc30cd6.jpg,2
dc35937.jpg,2
dc37348.jpg,2
dc3fe1f.jpg,2
dc6b7c0.jpg,1
dc70c86.jpg,3
dc72052.jpg,2
dc8b471.jpg,2
dcaaadb.jpg,2
dcb9772.jpg,2
dcc761b.jpg,2
dcd0238.jpg,1
dcd0664.jpg,1
dcdbd73.jpg,1
dce58c4.jpg,3
dceebb5.jpg,2
dcf0346.jpg,3
dd0f0b2.jpg,3
dd0f6d8.jpg,2
dd14bd1.jpg,1
dd1744a.jpg,2
dd2769a.jpg,2
dd2de1a.jpg,2
dd2df73.jpg,2
dd35da2.jpg,1
dd41467.jpg,2
dd4459d.jpg,1
dd5038a.jpg,1
dd51e1a.jpg,1
dd5cc66.jpg,3
dd611a7.jpg,1
dd642bd.jpg,3
dd8372e.jpg,2
dd8f969.jpg,3
dd938fa.jpg,2
dd9573c.jpg,1
dd97d03.jpg,2
dd9e131.jpg,1
dd9eff5.jpg,1
dda2d2e.jpg,2
dda6e34.jpg,2
ddb9ef1.jpg,3
ddd5983.jpg,3
ddde994.jpg,1
dddf683.jpg,2
dde4feb.jpg,1
dde7a13.jpg,3
ddeed22.jpg,1
ddf11b5.jpg,1
ddff8a5.jpg,3
de030e6.jpg,1
de0dacd.jpg,3
de0f65a.jpg,1
de26bcb.jpg,3
de2c9bb.jpg,2
de31c99.jpg,3
de5fc13.jpg,2
de622ff.jpg,1
de6dcdd.jpg,3
de899c5.jpg,3
de95b10.jpg,3
dea5493.jpg,3
deae205.jpg,2
dec45e3.jpg,2
ded6a68.jpg,2
dede987.jpg,2
dee1ccf.jpg,3
def9132.jpg,2
df07935.jpg,2
df0a8ed.jpg,3
df0d5e6.jpg,1
df1687a.jpg,1
df1ecdf.jpg,3
df34270.jpg,2
df34574.jpg,2
df426c2.jpg,1
df4b050.jpg,2
df4e328.jpg,4
df69207.jpg,1
df6b3a7.jpg,1
df7fcd3.jpg,3
df8ed4a.jpg,1
df97736.jpg,4
dfb0242.jpg,2
dfb4e2b.jpg,3
dfd58e9.jpg,3
dfd8e40.jpg,2
dfdad36.jpg,2
dfddf3d.jpg,1
dfe801e.jpg,2
dff4378.jpg,4
e0045bf.jpg,2
e00ba80.jpg,3
e012aff.jpg,2
e0146fd.jpg,2
e015a36.jpg,2
e01bb55.jpg,2
e02cc61.jpg,2
e03680b.jpg,3
e04c1ea.jpg,3
e04fea3.jpg,2
e050c90.jpg,2
e05bd81.jpg,3
e061841.jpg,2
e074625.jpg,2
e07e5de.jpg,1
e07f702.jpg,2
e099dc8.jpg,2
e0a1ece.jpg,1
e0b351c.jpg,1
e0b9b93.jpg,2
e0bf08f.jpg,2
e0bfbf6.jpg,1
e0c2169.jpg,2
e0c2dd0.jpg,1
e0cbf7e.jpg,3
e0d46d0.jpg,2
e0ddcc7.jpg,2
e0ee31d.jpg,3
e106ef8.jpg,2
e10721d.jpg,2
e1265e8.jpg,1
e14df65.jpg,2
e14f484.jpg,2
e153f05.jpg,3
e15b995.jpg,2
e167e92.jpg,2
e1723b2.jpg,1
e1745e0.jpg,1
e17542b.jpg,2
e18eee1.jpg,2
e19282c.jpg,4
e199821.jpg,1
e19d75e.jpg,2
e1afaa9.jpg,1
e1b35d8.jpg,1
e1bed35.jpg,3
e1cc002.jpg,2
e1cf1c4.jpg,2
e1e2bfe.jpg,3
e211341.jpg,2
e2245ce.jpg,2
e23ee27.jpg,2
e251172.jpg,2
e2676ff.jpg,2
e274ce2.jpg,2
e27810f.jpg,2
e279cfc.jpg,3
e298926.jpg,3
e2ae924.jpg,3
e2b22b2.jpg,2
e2b400c.jpg,1
e2b4f04.jpg,1
e2bf8ed.jpg,4
e2ca424.jpg,2
e2cae44.jpg,2
e2d4b91.jpg,3
e2dc102.jpg,2
e2e4fa9.jpg,3
e2e565a.jpg,2
e2e8ad6.jpg,1
e2ec3a8.jpg,1
e308326.jpg,4
e308e8b.jpg,3
e317214.jpg,3
e31f00d.jpg,3
e32196c.jpg,2
e33bbcb.jpg,1
e34d3c8.jpg,3
e358c18.jpg,1
e361d28.jpg,2
e36c7a3.jpg,1
e374233.jpg,3
e37d0b0.jpg,3
e37e002.jpg,3
e37eacf.jpg,2
e380632.jpg,2
e388eda.jpg,2
e3a2bfb.jpg,2
e3a38bd.jpg,1
e3b2d48.jpg,4
e3b3009.jpg,1
e3be10a.jpg,2
e3c4dc6.jpg,1
e3dd3bc.jpg,3
e3ecaca.jpg,2
e407a1b.jpg,1
e40873d.jpg,2
e416bbd.jpg,1
e425066.jpg,1
e43d269.jpg,1
e4552b7.jpg,2
e45ee84.jpg,3
e462466.jpg,2
e462ac6.jpg,2
e465d63.jpg,2
e46858a.jpg,2
e479c60.jpg,3
e47d190.jpg,3
e48052f.jpg,2
e48ea19.jpg,1
e49076a.jpg,3
e492617.jpg,3
e4a7acd.jpg,4
e4a7f75.jpg,2
e4a98bd.jpg,2
e4b02d9.jpg,2
e4b85b6.jpg,2
e4cfc6e.jpg,1
e4e22fd.jpg,2
e4eb39c.jpg,3
e4ef2d6.jpg,3
e4fb8cf.jpg,2
e508152.jpg,3
e51e143.jpg,1
e520063.jpg,1
e52470b.jpg,3
e5273dc.jpg,2
e530d59.jpg,2
e53dacc.jpg,2
e5405df.jpg,2
e545d29.jpg,1
e570ee3.jpg,1
e57be0b.jpg,2
e59cec9.jpg,1
e5a9d8f.jpg,3
e5acc2e.jpg,2
e5b7784.jpg,2
e5bfba8.jpg,2
e5d32cb.jpg,2
e5d44d0.jpg,3
e5ec2d9.jpg,3
e5f2f24.jpg,1
e6018ad.jpg,3
e612e1b.jpg,3
e616d2e.jpg,3
e61d38e.jpg,2
e61ea34.jpg,3
e620bf5.jpg,2
e62e313.jpg,1
e63156c.jpg,2
e6388bb.jpg,3
e63b6b0.jpg,2
e64caaa.jpg,3
e672f32.jpg,3
e674a99.jpg,3
e678b7a.jpg,3
e681e81.jpg,1
e68f3be.jpg,1
e69a0b2.jpg,3
e69a5fa.jpg,3
e6a8ba4.jpg,2
e6ae091.jpg,2
e6b0b70.jpg,1
e6b50e6.jpg,2
e6bbfb5.jpg,2
e6da870.jpg,1
e6f1c55.jpg,3
e6f1fc9.jpg,2
e6fb241.jpg,1
e6fd8d4.jpg,2
e703d29.jpg,3
e70a74e.jpg,1
e71d1aa.jpg,1
e73404d.jpg,3
e737fcb.jpg,2
e7431c2.jpg,2
e755488.jpg,3
e7568d8.jpg,2
e78a320.jpg,1
e78bd86.jpg,3
e791403.jpg,2
e798b9b.jpg,1
e7a7bf8.jpg,3
e7a7dde.jpg,1
e7a9377.jpg,1
e7aaa40.jpg,1
e7ab52f.jpg,2
e7ac66d.jpg,1
e7b9c69.jpg,1
e7bec8a.jpg,2
e7bfdd6.jpg,2
e7c8f56.jpg,1
e7d02f4.jpg,3
e7df904.jpg,3
e7e7b39.jpg,3
e7f8bd2.jpg,3
e7f907c.jpg,3
e8026e4.jpg,2
e80676a.jpg,4
e834de3.jpg,3
e83d2c5.jpg,1
e85a65d.jpg,2
e860c5b.jpg,2
e86f45a.jpg,2
e891f41.jpg,2
e8a1f59.jpg,1
e8b009d.jpg,4
e8b4c68.jpg,4
e8b6bac.jpg,4
e8bd2a7.jpg,1
e8c8845.jpg,1
e8c8a5a.jpg,1
e8d414f.jpg,3
e8e25ab.jpg,3
e8ff27c.jpg,4
e8ff6d4.jpg,3
e91500f.jpg,2
e93422f.jpg,2
e947d1c.jpg,3
e94f7d1.jpg,2
e952209.jpg,2
e98917a.jpg,2
e998dce.jpg,2
e9ab0ff.jpg,3
e9c15bb.jpg,4
e9c309f.jpg,2
e9d74cc.jpg,2
e9da920.jpg,1
e9e9635.jpg,3
e9ea7cc.jpg,2
e9ec26d.jpg,3
ea08016.jpg,1
ea14548.jpg,3
ea16151.jpg,2
ea17711.jpg,1
ea3e77e.jpg,2
ea441e6.jpg,2
ea49a16.jpg,2
ea4f338.jpg,1
ea6165d.jpg,2
ea72c79.jpg,2
ea7f553.jpg,3
ea90a07.jpg,2
eaa2a7f.jpg,2
eaad219.jpg,1
eaaf7e4.jpg,2
ead5970.jpg,2
ead5d5e.jpg,2
eadc645.jpg,1
eae8f5d.jpg,3
eb0e579.jpg,1
eb1fb5a.jpg,3
eb24ca3.jpg,3
eb27105.jpg,3
eb2ac4d.jpg,2
eb4d7d7.jpg,3
eb4f324.jpg,2
eb4fbdc.jpg,1
eb6d894.jpg,3
eb70288.jpg,2
eb7bff4.jpg,4
eb866a8.jpg,1
eb8ac47.jpg,3
eb8c681.jpg,2
eb99223.jpg,2
eb9efe4.jpg,2
eba612f.jpg,2
eba901f.jpg,4
ebc4043.jpg,1
ebcd2d6.jpg,2
ebd2c6a.jpg,2
ebd4dc2.jpg,1
ebd7bef.jpg,1
ebe596d.jpg,2
ec0d7d2.jpg,1
ec0dddf.jpg,1
ec21516.jpg,1
ec28cef.jpg,2
ec298fb.jpg,3
ec4c19d.jpg,2
ec575f4.jpg,3
ec5fab8.jpg,3
ec6236a.jpg,2
ec77d44.jpg,1
ec8c63f.jpg,3
eca2902.jpg,3
ecac2e7.jpg,2
ecb4341.jpg,4
ecc2325.jpg,2
ecc3d56.jpg,2
ecc7602.jpg,2
ecce03c.jpg,3
ecd5445.jpg,1
ecdbffb.jpg,4
ecdcfdc.jpg,1
ece74d3.jpg,1
eced59d.jpg,3
ecefc50.jpg,3
ecfdd08.jpg,2
ed02203.jpg,2
ed0d92c.jpg,3
ed11db2.jpg,4
ed14407.jpg,2
ed1b813.jpg,3
ed308d4.jpg,3
ed3bbc3.jpg,2
ed3c46c.jpg,2
ed3cbe0.jpg,1
ed3e67e.jpg,1
ed47c78.jpg,2
ed48a59.jpg,2
ed5530f.jpg,2
ed62113.jpg,1
ed65254.jpg,2
ed6de80.jpg,3
ed7b510.jpg,2
ed88353.jpg,3
ed9ed19.jpg,3
eda52f2.jpg,3
eda72ce.jpg,2
edb7608.jpg,2
edbab7b.jpg,2
ede5ef2.jpg,3
edebe8b.jpg,2
ee09289.jpg,2
ee0ba55.jpg,3
ee14cd5.jpg,1
ee20ec1.jpg,2
ee2d222.jpg,1
ee3051a.jpg,3
ee32824.jpg,2
ee45145.jpg,2
ee4aeaf.jpg,1
ee8842a.jpg,3
ee8b0b4.jpg,3
ee9a4b6.jpg,2
ee9d20a.jpg,2
eea6e4c.jpg,3
eea8479.jpg,1
eeaefcd.jpg,2
eeb1c96.jpg,2
eeba036.jpg,2
eec852f.jpg,3
eecf6ee.jpg,4
eed8257.jpg,3
eede5f4.jpg,4
eee1dc4.jpg,3
ef0853a.jpg,3
ef28422.jpg,2
ef2d1ab.jpg,2
ef39e06.jpg,1
ef4fc56.jpg,3
ef5bdc7.jpg,2
ef614b0.jpg,1
ef9516d.jpg,3
efa02f6.jpg,1
efd870b.jpg,2
efe1652.jpg,4
eff8789.jpg,2
f009632.jpg,3
f00c269.jpg,1
f00fb4a.jpg,2
f015e18.jpg,2
f0188ae.jpg,1
f026b3b.jpg,1
f02b552.jpg,2
f03b8c0.jpg,1
f045d61.jpg,3
f060049.jpg,1
f06d0ee.jpg,3
f090609.jpg,1
f095937.jpg,2
f099eb1.jpg,3
f09f20a.jpg,3
f0b4834.jpg,2
f0b92a9.jpg,3
f0d3169.jpg,3
f0e1b47.jpg,1
f0e4b95.jpg,2
f0eebb6.jpg,2
f0f5faf.jpg,2
f0f67be.jpg,1
f102963.jpg,1
f10761c.jpg,3
f10e922.jpg,1
f1179df.jpg,2
f11b05a.jpg,2
f127ff3.jpg,2
f128b90.jpg,3
f133b09.jpg,2
f13cbe0.jpg,4
f14772a.jpg,3
f14cbcf.jpg,2
f157992.jpg,2
f15d534.jpg,3
f178151.jpg,2
f189ed1.jpg,2
f199b1e.jpg,2
f19a7c9.jpg,2
f19a7ed.jpg,2
f1c0970.jpg,2
f1d14cd.jpg,2
f1da432.jpg,1
f1ddbc8.jpg,2
f1e16bc.jpg,1
f1e4864.jpg,2
f1e8c3f.jpg,4
f1f5b4c.jpg,2
f1f99ee.jpg,1
f1fe76a.jpg,2
f203275.jpg,3
f203606.jpg,1
f2113c0.jpg,2
f22b145.jpg,2
f22d753.jpg,3
f2441fa.jpg,2
f258e98.jpg,3
f25aa97.jpg,3
f260df3.jpg,2
f278e02.jpg,4
f2805f4.jpg,1
f2bc927.jpg,3
f2c103a.jpg,3
f2cac27.jpg,3
f2dab6e.jpg,1
f2dbf9d.jpg,4
f2ea3c3.jpg,2
f2fa9e7.jpg,3
f311b9c.jpg,2
f318915.jpg,3
f31ad02.jpg,1
f323fc0.jpg,2
f32724b.jpg,1
f327f20.jpg,4
f339300.jpg,2
f33eb10.jpg,3
f34ac86.jpg,1
f34fb69.jpg,2
f35a239.jpg,2
f38bbd3.jpg,2
f39c624.jpg,3
f39e4b1.jpg,1
f3a06e8.jpg,1
f3c104d.jpg,2
f3d3997.jpg,1
f3dad96.jpg,3
f3ee48d.jpg,2
f411051.jpg,2
f419d8e.jpg,2
f42a1bc.jpg,3
f42e3d6.jpg,3
f431307.jpg,2
f434b17.jpg,2
f43b2f7.jpg,3
f43dad3.jpg,2
f44d9ae.jpg,3
f450e3f.jpg,2
f45a3d6.jpg,3
f45b63b.jpg,1
f4661bb.jpg,2
f468aa3.jpg,1
f485249.jpg,1
f490b23.jpg,2
f49d353.jpg,2
f49f397.jpg,3
f4ad413.jpg,3
f4b2516.jpg,2
f4c0d72.jpg,3
f4c6117.jpg,2
f4d657a.jpg,3
f4d745d.jpg,3
f4dc2aa.jpg,1
f4e82e9.jpg,3
f4f4403.jpg,2
f4f9be2.jpg,1
f507eab.jpg,1
f509757.jpg,2
f50c84e.jpg,3
f50eb93.jpg,3
f50ec48.jpg,3
f516a20.jpg,3
f51fa34.jpg,1
f5315fe.jpg,2
f5324e9.jpg,2
f535ddd.jpg,2
f54d745.jpg,2
f55bc0a.jpg,2
f55e5d5.jpg,4
f5691a9.jpg,2
f56a4a5.jpg,2
f56bfa6.jpg,1
f56c497.jpg,1
f56f4bb.jpg,2
f572ee9.jpg,2
f58541c.jpg,2
f58ff82.jpg,3
f5a66e7.jpg,1
f5bb106.jpg,2
f5c2555.jpg,2
f5c3d73.jpg,1
f5ce1f6.jpg,2
f5eafb2.jpg,2
f5efbe6.jpg,3
f5f2a9b.jpg,2
f60cfef.jpg,2
f61136b.jpg,3
f6140e8.jpg,1
f6439ca.jpg,2
f658b5c.jpg,1
f65929d.jpg,2
f679d83.jpg,1
f68944a.jpg,2
f699300.jpg,2
f6af9ef.jpg,1
f6b0528.jpg,1
f6cbba5.jpg,2
f6cd5e7.jpg,3
f6d3374.jpg,2
f6dabb4.jpg,1
f6e401d.jpg,2
f6e93d1.jpg,2
f6f707c.jpg,1
f70c98c.jpg,1
f720180.jpg,2
f720bab.jpg,2
f7390a6.jpg,2
f749c69.jpg,2
f7542b2.jpg,2
f755011.jpg,3
f75ffdd.jpg,2
f77fdb4.jpg,2
f78975e.jpg,2
f78bab7.jpg,2
f78bc4a.jpg,2
f78f2ce.jpg,2
f7bafc1.jpg,2
f7be34b.jpg,3
f7bf7ed.jpg,1
f7c7a49.jpg,1
f7ce762.jpg,2
f7fcf8c.jpg,3
f800872.jpg,2
f809046.jpg,1
f829a0a.jpg,2
f834d4c.jpg,2
f838ec2.jpg,1
f847a0a.jpg,3
f888534.jpg,3
f894de0.jpg,1
f89ae7c.jpg,1
f8a9d37.jpg,2
f8ad135.jpg,2
f8b039c.jpg,2
f8b1c91.jpg,2
f8b96bc.jpg,1
f8be7a4.jpg,1
f8c0df9.jpg,2
f8c81b2.jpg,2
f8d6e86.jpg,2
f8fc49c.jpg,1
f9038f8.jpg,3
f90e90d.jpg,2
f91018e.jpg,3
f91fc07.jpg,3
f924621.jpg,1
f934fd7.jpg,1
f954bde.jpg,2
f95df5a.jpg,4
f96e68c.jpg,2
f9743d9.jpg,3
f974b85.jpg,1
f981590.jpg,2
f987337.jpg,2
f98a258.jpg,2
f9a7a85.jpg,2
f9aea29.jpg,2
f9c6311.jpg,2
f9cd52d.jpg,4
f9d19e3.jpg,4
f9e5a17.jpg,3
f9e78c4.jpg,3
f9f28f8.jpg,3
fa0753f.jpg,2
fa12d07.jpg,2
fa22ae4.jpg,2
fa286d8.jpg,2
fa37c90.jpg,2
fa4db3e.jpg,3
fa53fe0.jpg,2
fa569dc.jpg,1
fa645da.jpg,2
fa71d2a.jpg,3
fa86af2.jpg,3
fa9c2ed.jpg,1
fa9f011.jpg,2
faa64f6.jpg,2
fabf96b.jpg,3
fac69d0.jpg,2
fad0769.jpg,2
fada7d6.jpg,3
fae6820.jpg,3
faf4960.jpg,3
faf83a4.jpg,2
fafc316.jpg,2
fb0827a.jpg,2
fb19455.jpg,1
fb2421c.jpg,2
fb52310.jpg,3
fb53793.jpg,2
fb87ac4.jpg,1
fb8dde1.jpg,2
fba6def.jpg,2
fbae2e2.jpg,2
fbb6ac6.jpg,2
fbc04e3.jpg,2
fbc628e.jpg,2
fbe1f24.jpg,2
fbee7e5.jpg,1
fc0aef7.jpg,1
fc15eb7.jpg,1
fc21b05.jpg,2
fc25229.jpg,1
fc27e95.jpg,2
fc5ccee.jpg,2
fc69020.jpg,2
fc711e5.jpg,2
fc76a90.jpg,3
fc83765.jpg,3
fc93558.jpg,3
fc94769.jpg,2
fca78d5.jpg,2
fcb25d2.jpg,2
fccd58d.jpg,1
fce60a3.jpg,3
fce721b.jpg,2
fcf5591.jpg,1
fcf7655.jpg,3
fd02ab6.jpg,4
fd02da7.jpg,3
fd0cad5.jpg,3
fd1610d.jpg,1
fd16a89.jpg,1
fd1da12.jpg,2
fd311f3.jpg,3
fd4b02c.jpg,3
fd5aa5d.jpg,2
fd5b3ab.jpg,3
fd7295d.jpg,1
fd8bf8a.jpg,2
fd90801.jpg,1
fd996b6.jpg,3
fda2110.jpg,1
fdb3c47.jpg,3
fdd1f68.jpg,2
fdd5083.jpg,2
fdd7492.jpg,3
fdec1a8.jpg,3
fded497.jpg,2
fdf4645.jpg,4
fdfa5e1.jpg,1
fdfc6f9.jpg,2
fe07e1c.jpg,2
fe0d949.jpg,1
fe2abd1.jpg,2
fe7a56b.jpg,3
fe7ec44.jpg,3
fe9eefc.jpg,1
feb0bb4.jpg,2
feb81c0.jpg,3
ff00e81.jpg,2
ff08a5e.jpg,3
ff1ee67.jpg,1
ff26446.jpg,2
ff2b181.jpg,3
ff3247e.jpg,2
ff38d0a.jpg,4
ff4222b.jpg,1
ff44079.jpg,2
ff4d53c.jpg,2
ff50b6a.jpg,2
ff5d4cf.jpg,3
ff5e79c.jpg,1
ff6d2fd.jpg,3
ff76b5a.jpg,2
ff7d65d.jpg,1
ff7ebeb.jpg,2
ff7f590.jpg,2
ff81435.jpg,3
ff8401a.jpg,1
ff961b3.jpg,4
ffb3266.jpg,3
ffb5b86.jpg,2
ffbe4b8.jpg,1
ffbf254.jpg,2
ffc31af.jpg,2
ffca427.jpg,1
ffcc849.jpg,1
ffcd7ef.jpg,2
ffcedf2.jpg,1
ffd11b6.jpg,2
ffd3dfb.jpg,1
ffd6680.jpg,2
ffea4f4.jpg,1
